capture_frame,FrameTime,GPUTime,GameThreadTime,RenderThreadTime,RHI/DrawCalls,RHI/PrimitivesDrawn,GPUMem/LocalUsedMB
120,20.2642,19.3069,1.9979,20.1441,394.0,57512.0,3024.5312
121,20.109,19.7495,2.1526,20.1069,398.0,66014.0,3024.5312
122,20.1974,20.3191,2.0874,20.9237,394.0,70350.0,3024.5312
123,20.846,19.8312,1.9349,19.9355,392.0,58550.0,3024.5312
124,19.9202,19.5086,1.9434,20.0096,393.0,55680.0,3024.5312
125,20.0422,19.6675,2.3064,20.8903,396.0,56022.0,3024.5312
126,20.8921,19.4362,2.186,20.963,395.0,56214.0,3024.5312
127,20.9799,20.741,2.1052,19.802,394.0,64810.0,3024.5312
128,19.7642,19.2884,2.0298,20.0193,393.0,105138.0,3024.5312
129,20.0729,19.5249,2.0396,19.6132,380.0,82978.0,3024.5312
130,19.6446,19.6568,2.266,20.5868,363.0,52510.0,3024.5312
131,20.4985,20.6721,2.1952,21.4623,363.0,52510.0,3024.5312
132,21.5421,18.6172,2.1031,19.9093,396.0,70495.0,3024.5312
133,19.8548,19.4857,1.9991,19.9811,394.0,59252.0,3024.5312
134,19.9431,19.3497,2.1742,20.4864,394.0,61032.0,3024.5312
135,20.5457,19.1347,2.2757,19.3747,395.0,60250.0,3024.5312
136,19.341,20.8312,1.9627,20.9182,364.0,56046.0,3024.5312
137,20.9019,19.647,2.0307,20.1357,362.0,52686.0,3024.5312
138,20.1755,19.4248,1.9542,19.8352,357.0,52482.0,3024.5312
139,19.8108,19.0125,2.2044,19.8917,359.0,52506.0,3024.5312
140,19.9447,19.5484,2.1429,21.2685,358.0,52494.0,3024.5312
141,21.2089,20.1529,1.904,20.5962,357.0,52482.0,3024.5312
142,20.6207,19.2578,2.0364,19.9255,394.0,54606.0,3024.5312
143,19.9262,18.9791,2.1373,19.2137,393.0,54778.0,3024.5312
144,19.2498,20.0146,2.3254,21.4377,359.0,52554.0,3024.5312
145,21.39,20.6897,2.1009,20.6793,363.0,52510.0,3024.5312
146,20.7067,19.5007,1.9608,19.8304,363.0,52510.0,3024.5312
147,19.7909,19.3254,1.9816,19.8229,396.0,54586.0,3024.5312
148,19.8284,19.4276,2.0448,20.337,394.0,54584.0,3024.5312
149,20.3743,18.9903,2.2411,19.2916,394.0,54584.0,3024.5312
150,19.2586,20.7531,2.0158,21.4968,394.0,54584.0,3024.5312
151,21.5174,19.1827,2.039,19.924,393.0,54594.0,3024.5312
152,19.9044,19.3288,1.9114,19.6606,393.0,54594.0,3024.5312
153,19.7304,19.3342,2.3016,20.1481,392.0,54582.0,3024.5312
154,20.0815,19.2777,2.1129,19.5958,395.0,56306.0,3024.5312
155,19.683,20.2336,2.0265,20.7841,393.0,57970.0,3024.5312
156,20.7016,19.4999,2.1627,20.5545,392.0,56270.0,3024.5312
157,20.5292,18.9615,2.0736,19.1442,393.0,54594.0,3024.5312
158,19.1924,19.5328,2.261,20.4001,394.0,55070.0,3024.5312
159,20.4167,19.4735,1.9729,21.395,393.0,55986.0,3024.5312
160,21.3784,20.5687,2.102,19.7265,399.0,68426.0,3024.5312
161,19.7225,18.8949,1.8961,19.6424,405.0,76246.0,3024.5312
162,19.6281,19.3441,2.0015,19.7246,401.0,66254.0,3024.5312
163,19.7749,19.6508,2.1146,21.2095,401.0,61890.0,3024.5312
164,21.1442,20.6161,2.0025,20.7244,394.0,54832.0,3024.5312
165,20.756,19.3817,1.9712,19.3958,396.0,58232.0,3024.5312
166,19.367,19.1384,1.8641,20.0023,403.0,66813.0,3024.5312
167,20.1528,19.5736,2.1061,20.9975,408.0,69639.0,3024.5312
168,20.8613,19.1962,2.1731,18.6439,392.0,54582.0,3024.5312
169,18.6301,20.6502,1.9225,21.1394,392.0,54706.0,3024.5312
170,21.1732,18.9904,2.0205,19.4915,393.0,54594.0,3024.5312
171,19.5008,19.3088,1.9759,20.0177,392.0,55362.0,3024.5312
172,20.0438,19.5522,2.1599,19.7704,392.0,54582.0,3024.5312
173,19.7199,19.4743,2.3358,20.2348,399.0,60068.0,3024.5312
174,20.3077,20.1461,2.1049,20.6771,395.0,55816.0,3024.5312
175,20.5925,19.3265,1.858,19.7272,397.0,58864.0,3024.5312
176,19.743,19.3859,1.8911,19.9214,396.0,57536.0,3024.5312
177,19.9625,19.6039,2.2859,20.4898,404.0,66042.0,3024.5312
178,20.4497,18.8436,2.1838,19.562,400.0,70378.0,3024.5312
179,19.5826,20.9683,1.9998,20.541,397.0,58566.0,3024.5312
180,20.5416,19.0136,2.0698,20.5977,394.0,55670.0,3024.5312
181,20.5629,19.5404,1.9393,19.5227,396.0,56000.0,3024.5312
182,19.5292,18.8825,2.1504,19.5315,394.0,56180.0,3024.5312
183,19.5636,19.337,2.063,20.8944,393.0,64798.0,3024.5312
184,20.9384,21.4102,2.1919,20.5844,392.0,105126.0,3024.5312
185,20.4993,19.5571,1.9822,19.9045,379.0,83010.0,3024.5312
186,19.9268,19.1163,1.9854,19.8255,358.0,52494.0,3024.5312
187,19.8644,19.351,2.3539,20.446,360.0,52518.0,3024.5312
188,20.4719,20.7461,2.1117,21.096,395.0,70505.0,3024.5312
189,21.0566,19.3524,1.9793,19.5347,393.0,59262.0,3024.5312
190,19.5244,19.0416,1.9158,19.6857,394.0,61054.0,3024.5312
191,19.6848,19.1834,2.0637,19.376,395.0,60250.0,3024.5312
192,19.4249,19.8239,2.2011,20.7356,364.0,56046.0,3024.5312
193,20.7663,20.9184,2.1656,21.2809,366.0,52690.0,3024.5312
194,21.1819,19.0762,2.0309,21.5578,364.0,52522.0,3024.5312
195,21.7355,19.7721,2.2577,18.2713,361.0,52486.0,3024.5312
196,18.1397,19.7113,2.1487,20.4809,360.0,52496.0,3024.5312
197,20.5138,19.0842,2.2177,20.4246,360.0,52496.0,3024.5312
198,20.3652,21.0953,2.3042,21.7121,394.0,54584.0,3024.5312
199,21.7695,20.0737,2.1129,19.3913,394.0,54790.0,3024.5312
200,19.3703,19.7907,2.1043,20.6449,360.0,52566.0,3024.5312
201,20.6673,19.6283,2.2046,19.8498,359.0,52506.0,3024.5312
202,19.8005,20.35,1.9425,21.3895,358.0,52494.0,3024.5312
203,21.409,19.302,1.9893,20.1011,394.0,54606.0,3024.5312
204,20.0899,19.5352,2.0952,19.9408,393.0,54594.0,3024.5312
205,19.9066,19.3729,2.1809,20.4132,394.0,54606.0,3024.5312
206,20.4414,19.3616,2.2518,19.411,393.0,54594.0,3024.5312
207,19.4169,19.9837,1.9156,20.5066,394.0,54606.0,3024.5312
208,20.4884,19.4589,1.9005,19.7989,392.0,54582.0,3024.5312
209,19.7956,19.4056,2.0012,19.978,397.0,54598.0,3024.5312
210,19.978,19.5724,2.0741,20.3098,399.0,56310.0,3024.5312
211,20.3989,18.9386,2.3368,20.4664,399.0,57998.0,3024.5312
212,20.4093,20.8522,2.0433,20.1216,396.0,56296.0,3024.5312
213,20.1193,19.6438,2.0539,21.1232,394.0,54584.0,3024.5312
214,21.0659,20.0919,2.1522,20.8342,395.0,55060.0,3024.5312
215,21.0805,19.4897,2.4355,20.365,393.0,55986.0,3024.5312
216,20.2011,21.191,2.3691,20.328,398.0,68414.0,3024.5312
217,20.3414,19.0316,2.1167,19.9187,401.0,76242.0,3024.5312
218,19.8777,19.6581,2.1195,20.1792,396.0,66238.0,3024.5312
219,20.1465,19.269,2.3447,20.4495,395.0,61862.0,3024.5312
220,20.5659,19.5127,2.0869,19.5449,394.0,54854.0,3024.5312
221,19.4613,20.9455,2.0772,21.3255,395.0,58242.0,3024.5312
222,21.3949,19.343,2.1178,19.8763,399.0,66787.0,3024.5312
223,19.8172,19.1063,2.1026,19.4323,406.0,69615.0,3024.5312
224,19.4883,19.4771,2.3495,20.6564,394.0,54606.0,3024.5312
225,20.5969,19.5735,2.1478,20.8322,397.0,54722.0,3024.5312
226,20.8167,20.5234,2.0701,19.6186,397.0,54598.0,3024.5312
227,19.592,19.0074,1.9351,19.8068,398.0,55390.0,3024.5312
228,19.8607,19.1898,2.0733,20.2163,395.0,54596.0,3024.5312
229,20.2377,19.6313,1.9964,19.7914,400.0,60058.0,3024.5312
230,19.7413,19.7392,2.0074,20.8549,397.0,55818.0,3024.5312
231,20.8642,19.8238,1.9863,19.4829,396.0,58852.0,3024.5312
232,19.5685,19.5431,1.9977,20.3343,394.0,57512.0,3024.5312
233,20.2559,19.4118,2.0339,20.3134,399.0,66026.0,3024.5312
234,20.2746,19.3401,2.2975,19.6261,393.0,70338.0,3024.5312
235,19.6812,20.5818,2.1261,21.056,392.0,58550.0,3024.5312
236,21.0767,19.3897,2.0187,19.7204,392.0,55668.0,3024.5312
237,19.7183,19.4677,1.8951,20.0732,393.0,55986.0,3024.5312
238,20.0306,19.1511,2.0064,19.9704,393.0,56190.0,3024.5312
239,20.0689,19.6936,2.4742,20.8634,394.0,64810.0,3024.5312
240,20.7929,20.0658,2.2402,20.6089,393.0,105138.0,3024.5312
241,20.6197,19.4317,1.9845,19.3522,382.0,83002.0,3024.5312
242,19.293,19.141,2.0443,20.09,362.0,52498.0,3024.5312
243,20.1501,19.6466,2.3345,20.7342,361.0,52486.0,3024.5312
244,20.7182,18.8601,2.3702,20.8129,398.0,70519.0,3024.5312
245,20.829,20.7161,1.9063,19.6076,395.0,59264.0,3024.5312
246,19.6306,18.9821,2.199,19.4563,395.0,61044.0,3024.5312
247,19.384,19.5673,1.9315,19.7115,393.0,60226.0,3024.5312
248,19.7772,18.874,2.3973,19.973,364.0,56046.0,3024.5312
249,19.9622,19.2818,2.1249,20.9605,361.0,52674.0,3024.5312
250,20.9084,20.797,2.0547,19.6209,359.0,52506.0,3024.5312
251,19.6059,19.4715,1.9479,20.0803,357.0,52482.0,3024.5312
252,20.2052,18.9424,1.9122,19.4053,357.0,52482.0,3024.5312
253,19.3119,19.3231,2.1434,20.4948,359.0,52506.0,3024.5312
254,20.5379,19.502,2.2184,20.9356,395.0,54618.0,3024.5312
255,20.9687,20.7513,1.9217,19.6691,394.0,54790.0,3024.5312
256,19.5627,18.805,1.8917,19.5884,358.0,52542.0,3024.5312
257,19.6385,19.3449,1.8791,19.5225,363.0,52510.0,3024.5312
258,19.555,19.3829,2.238,20.8061,361.0,52486.0,3024.5312
259,20.7531,19.3648,2.0622,21.1071,397.0,54598.0,3024.5312
260,21.1616,19.8782,1.9672,19.2468,394.0,54584.0,3024.5312
261,19.205,19.4281,1.939,19.8752,395.0,54596.0,3024.5312
262,19.9009,19.4499,2.0714,20.3056,395.0,54596.0,3024.5312
263,20.2972,19.427,2.071,19.5194,393.0,54594.0,3024.5312
264,19.4999,19.5636,2.0527,20.9202,393.0,54594.0,3024.5312
265,20.9309,19.209,1.9225,19.9945,394.0,54606.0,3024.5312
266,19.9743,19.5309,1.9056,20.0814,394.0,56294.0,3024.5312
267,20.118,19.1771,1.9522,19.9398,394.0,57982.0,3024.5312
268,19.9014,19.3928,2.2832,20.2735,393.0,56282.0,3024.5312
269,20.2602,20.0852,1.9943,20.9341,392.0,54582.0,3024.5312
270,20.9833,19.3145,2.0118,19.3346,393.0,55058.0,3024.5312
271,19.3594,19.3259,2.1012,19.5579,392.0,55974.0,3024.5312
272,19.5799,19.3914,2.0243,20.9651,398.0,68414.0,3024.5312
273,20.9662,19.2073,2.0315,19.4335,404.0,76234.0,3024.5312
274,19.3413,20.6125,1.8885,20.591,400.0,66242.0,3024.5312
275,20.6138,19.7315,1.9218,20.8403,399.0,61866.0,3024.5312
276,20.8234,19.4876,2.0842,19.5351,395.0,54844.0,3024.5312
277,19.5367,19.0066,2.206,20.1616,394.0,58208.0,3024.5312
278,20.1817,19.458,2.1293,20.2292,401.0,66789.0,3024.5312
279,20.2497,20.3414,2.0344,19.9939,408.0,69639.0,3024.5312
280,19.9853,19.4723,2.0314,20.0071,392.0,54582.0,3024.5312
281,20.0009,19.04,1.9542,19.4962,393.0,54718.0,3024.5312
282,19.5197,18.9828,2.2647,20.3294,392.0,54582.0,3024.5312
283,20.3234,19.5669,2.3463,21.3791,394.0,55386.0,3024.5312
284,21.3472,20.7435,2.0342,19.3191,392.0,54582.0,3024.5312
285,19.3638,19.067,1.9898,19.5582,398.0,60056.0,3024.5312
286,19.5623,19.1304,1.9905,19.9892,393.0,55792.0,3024.5312
287,19.9283,19.627,2.0471,20.0231,398.0,58876.0,3024.5312
288,20.0803,19.0476,1.963,20.3009,395.0,57524.0,3024.5312
289,20.2979,19.8966,1.8895,19.7456,403.0,66030.0,3024.5312
290,19.8203,19.2987,2.1096,19.8667,397.0,70342.0,3024.5312
291,19.7905,19.4667,2.0555,20.2609,398.0,58578.0,3024.5312
292,20.3254,19.6337,2.4533,21.07,395.0,55682.0,3024.5312
293,21.0102,19.347,2.0127,19.8752,396.0,56000.0,3024.5312
294,19.8898,20.4221,2.2459,20.508,394.0,56180.0,3024.5312
295,20.5124,19.2593,2.0516,19.3496,393.0,64798.0,3024.5312
296,19.3306,19.1348,2.0046,20.1839,392.0,105126.0,3024.5312
297,20.3206,20.1521,2.2887,20.0982,378.0,82998.0,3024.5312
298,19.957,20.9225,2.2391,21.5375,357.0,52482.0,3024.5312
299,21.5715,19.5749,2.0026,20.208,360.0,52518.0,3024.5312
300,20.1951,19.069,2.0937,19.4977,395.0,70505.0,3024.5312
301,19.4631,19.5518,1.8654,20.8614,393.0,59262.0,3024.5312
302,20.9266,19.5915,2.2149,20.0338,392.0,61030.0,3024.5312
303,20.0392,20.5732,2.1081,20.6568,395.0,60250.0,3024.5312
304,20.6344,19.171,1.9363,20.2717,365.0,56154.0,3024.5312
305,20.3172,19.3607,1.9345,19.4803,363.0,52558.0,3024.5312
306,19.4726,19.9545,2.5371,20.6512,361.0,52486.0,3024.5312
307,20.6064,19.309,1.994,20.4307,362.0,52498.0,3024.5312
308,20.4644,19.6255,2.0019,20.4123,360.0,52496.0,3024.5312
309,20.4002,19.4578,2.1136,20.1031,362.0,52520.0,3024.5312
310,20.1015,19.323,2.2309,20.0945,395.0,54596.0,3024.5312
311,20.1351,19.8883,2.3847,20.0495,393.0,54778.0,3024.5312
312,20.0377,20.62,2.4788,20.892,361.0,52578.0,3024.5312
313,20.8811,19.6352,1.9802,19.6837,357.0,52482.0,3024.5312
314,19.6492,19.4107,1.9838,20.3359,357.0,52482.0,3024.5312
315,20.3493,19.5728,2.366,21.1466,394.0,54606.0,3024.5312
316,21.2595,19.729,2.3542,20.8587,393.0,54594.0,3024.5312
317,20.7066,20.2745,2.0462,20.4496,395.0,54618.0,3024.5312
318,20.45,19.565,2.0909,20.0597,394.0,54606.0,3024.5312
319,20.1562,19.3278,2.3916,19.9077,393.0,54594.0,3024.5312
320,19.9569,19.5185,2.7406,20.3801,392.0,54582.0,3024.5312
321,20.2844,19.5393,2.0701,20.8033,397.0,54598.0,3024.5312
322,20.8546,18.5816,1.9153,20.3434,397.0,56286.0,3024.5312
323,20.2454,19.3504,1.9305,19.9672,398.0,57986.0,3024.5312
324,19.9748,19.2942,2.2721,20.5945,395.0,56284.0,3024.5312
325,20.6154,19.3297,2.0813,18.877,394.0,54584.0,3024.5312
326,18.8973,21.0564,2.3756,21.3039,395.0,55060.0,3024.5312
327,21.3059,19.6379,2.0866,20.1556,394.0,55998.0,3024.5312
328,20.1206,19.4427,1.9767,20.439,402.0,68462.0,3024.5312
329,20.4779,19.2221,2.1095,19.5011,399.0,76218.0,3024.5312
330,19.503,19.6872,2.321,21.8641,396.0,66238.0,3024.5312
331,21.9549,21.0308,2.2553,21.0122,396.0,61874.0,3024.5312
332,20.94,19.589,2.3427,19.1558,393.0,54842.0,3024.5312
333,19.2771,19.9614,2.4847,22.2808,393.0,58218.0,3024.5312
334,22.182,19.9026,2.7519,20.7644,398.0,66775.0,3024.5312
335,20.7621,20.8126,2.2653,18.9921,407.0,69627.0,3024.5312
336,18.9641,19.5974,2.7848,20.6958,394.0,54606.0,3024.5312
337,20.6655,19.4027,2.1022,20.343,396.0,54710.0,3024.5312
338,20.3579,19.4722,2.5347,20.2512,397.0,54598.0,3024.5312
339,20.2499,21.5421,2.1844,21.6444,396.0,55366.0,3024.5312
340,21.6435,19.4991,2.0786,20.5025,396.0,54608.0,3024.5312
341,20.5231,19.6268,2.0513,21.3745,398.0,60034.0,3024.5312
342,21.4615,19.8581,3.0648,19.1345,396.0,55806.0,3024.5312
343,19.045,21.6206,2.5488,21.566,397.0,58864.0,3024.5312
344,21.5763,19.5545,2.0881,20.6188,394.0,57512.0,3024.5312
345,20.5887,19.3741,2.2,19.6135,398.0,66014.0,3024.5312
346,19.6391,19.8912,2.1019,21.4919,395.0,70362.0,3024.5312
347,21.4682,19.6692,2.3251,21.6668,561.0,40172.0,3024.5312
348,21.6969,24.1941,2.4929,23.0714,483.0,20160.0,3024.5312
349,23.0503,20.1074,2.4248,20.6084,482.0,19842.0,3024.5312
350,20.7187,18.8088,2.2916,20.2609,482.0,30250.0,3024.5312
351,20.1492,18.7604,2.0036,19.5187,482.0,56934.0,3024.5312
352,19.6717,18.8449,2.2945,18.9526,469.0,59082.0,3024.5312
353,18.7965,19.268,1.9985,19.3694,451.0,16690.0,3024.5312
354,19.3776,18.4469,2.0003,19.7544,454.0,16390.0,3024.5312
355,19.8279,18.4038,2.1004,19.2128,488.0,34033.0,3024.5312
356,19.2086,18.6201,2.1011,19.3605,486.0,24602.0,3024.5312
357,19.4076,19.6162,2.099,19.9324,485.0,23274.0,3024.5312
358,19.8249,18.5428,2.0236,18.7468,473.0,24556.0,3024.5312
359,18.715,18.1321,2.1198,18.3756,454.0,18222.0,3024.5312
360,18.3725,18.5528,2.0767,19.5737,449.0,16422.0,3024.5312
361,19.575,18.8727,2.4617,19.4973,449.0,16374.0,3024.5312
362,19.5633,18.773,2.3279,19.1961,449.0,16374.0,3024.5312
363,19.1718,18.7407,2.1361,20.15,448.0,16362.0,3024.5312
364,20.1301,19.6486,2.0569,19.3158,483.0,18462.0,3024.5312
365,19.4144,18.7875,1.9942,18.7888,474.0,17962.0,3024.5312
366,18.7059,18.3586,2.0806,19.2018,449.0,16374.0,3024.5312
367,19.1918,18.998,2.1018,19.6294,449.0,16374.0,3024.5312
368,19.5997,18.1211,2.2178,18.6685,477.0,18438.0,3024.5312
369,18.7066,18.5074,2.0176,19.9755,456.0,16606.0,3024.5312
370,19.9504,20.1274,2.1108,19.664,488.0,18478.0,3024.5312
371,19.6608,18.704,2.0054,19.4042,486.0,18454.0,3024.5312
372,19.4447,18.1831,1.9387,18.758,485.0,18464.0,3024.5312
373,18.6973,18.3009,1.928,19.06,487.0,18488.0,3024.5312
374,19.1392,18.8324,2.4254,18.9545,484.0,18452.0,3024.5312
375,18.9055,18.6126,2.0617,19.3696,483.0,20150.0,3024.5312
376,19.4967,19.4254,2.0636,20.3901,484.0,20162.0,3024.5312
377,20.2257,18.5862,1.9977,18.7358,484.0,21850.0,3024.5312
378,18.8061,18.5837,2.0725,19.5637,484.0,18474.0,3024.5312
379,19.5196,18.4691,1.9611,18.4797,482.0,18450.0,3024.5312
380,18.4699,18.5395,2.209,19.4517,482.0,20306.0,3024.5312
381,19.4829,18.3138,2.141,18.8478,492.0,36262.0,3024.5312
382,18.92,18.7197,2.0084,20.9299,488.0,36142.0,3024.5312
383,20.9303,19.8065,2.241,18.571,485.0,30094.0,3024.5312
384,18.4633,18.6983,1.9979,19.7739,490.0,25790.0,3024.5312
385,19.7915,18.214,2.0429,18.3091,487.0,20526.0,3024.5312
386,18.3348,18.3108,2.0484,19.4899,490.0,22961.0,3024.5312
387,19.5161,19.0078,2.5332,19.4841,493.0,30195.0,3024.5312
388,19.4715,18.4246,2.2036,20.3463,498.0,31638.0,3024.5312
389,20.3235,19.8078,2.084,18.5652,486.0,18600.0,3024.5312
390,18.5751,18.1267,2.1855,18.6111,486.0,18476.0,3024.5312
391,18.7262,18.7943,2.1885,19.4165,484.0,18632.0,3024.5312
392,19.35,18.1187,1.9967,18.7677,484.0,19096.0,3024.5312
393,18.7521,18.8655,1.8581,19.7981,484.0,21249.0,3024.5312
394,19.8977,18.2107,2.3265,19.2447,485.0,21647.0,3024.5312
395,19.1312,18.4822,2.1962,20.1834,488.0,22428.0,3024.5312
396,20.1923,19.7591,2.1686,18.5171,488.0,22250.0,3024.5312
397,18.5028,18.4968,2.0545,19.0828,485.0,28764.0,3024.5312
398,19.0615,17.8616,2.0094,18.3609,489.0,33278.0,3024.5312
399,18.3804,18.5919,2.0347,19.0652,484.0,25018.0,3024.5312
400,19.1203,18.8632,2.5333,19.8346,483.0,19390.0,3024.5312
401,19.7815,18.6861,2.2515,19.692,486.0,18612.0,3024.5312
402,19.6643,19.741,2.0241,19.3305,488.0,19870.0,3024.5312
403,19.3177,19.0013,2.1009,19.5533,486.0,28658.0,3024.5312
404,19.5615,18.8028,2.1599,19.4378,485.0,55352.0,3024.5312
405,19.5789,18.3799,2.1236,18.691,476.0,62528.0,3024.5312
406,18.6591,18.8487,2.6796,19.2627,449.0,16352.0,3024.5312
407,19.2027,18.0852,2.1051,19.0359,447.0,16350.0,3024.5312
408,19.0094,19.053,2.3272,20.2731,484.0,34207.0,3024.5312
409,20.2453,19.3217,2.1989,18.7116,482.0,24446.0,3024.5312
410,18.7141,18.7656,2.1046,19.7454,483.0,23272.0,3024.5312
411,19.7878,18.0578,2.097,18.3975,471.0,24554.0,3024.5312
412,18.3747,18.2983,2.3417,18.4709,452.0,18258.0,3024.5312
413,18.5384,18.9258,2.376,19.8878,449.0,16434.0,3024.5312
414,19.8628,18.4335,2.1773,19.6661,450.0,16446.0,3024.5312
415,19.6284,19.8155,2.2281,19.5777,448.0,16422.0,3024.5312
416,19.6101,18.2866,2.1529,18.8796,446.0,16398.0,3024.5312
417,18.8421,18.7306,2.1262,19.3042,487.0,18526.0,3024.5312
418,19.3164,18.615,2.0516,18.7265,474.0,17978.0,3024.5312
419,18.7959,18.6925,2.3883,19.9924,450.0,16402.0,3024.5312
420,19.9633,17.9681,2.2932,18.5013,448.0,16400.0,3024.5312
421,18.5461,18.855,2.0052,20.4838,484.0,18464.0,3024.5312
422,20.4236,19.5976,2.0918,19.1328,455.0,16616.0,3024.5312
423,19.1,19.013,2.0624,19.5108,483.0,18522.0,3024.5312
424,19.6336,18.1268,2.16,18.8125,482.0,18450.0,3024.5312
425,18.6947,19.0265,2.4747,19.8503,483.0,18522.0,3024.5312
426,19.9863,18.7058,2.2776,18.783,483.0,18462.0,3024.5312
427,18.7706,19.2316,2.0031,20.8915,483.0,18522.0,3024.5312
428,20.7547,18.4435,2.1649,18.5523,482.0,20198.0,3024.5312
429,18.5451,18.4127,1.9742,19.0292,482.0,20198.0,3024.5312
430,19.0793,18.9552,2.012,19.3012,485.0,21862.0,3024.5312
431,19.2859,18.6969,2.4427,20.0889,482.0,18510.0,3024.5312
432,20.1832,18.6527,2.2626,18.922,481.0,18962.0,3024.5312
433,18.8043,18.494,2.0532,19.6098,488.0,23268.0,3024.5312
434,19.6234,20.0052,1.9425,19.4547,491.0,33912.0,3024.5312
435,19.4529,18.6388,2.051,18.9686,491.0,35830.0,3024.5312
436,18.9857,18.7034,2.068,19.6052,487.0,29416.0,3024.5312
437,19.7728,18.5614,2.6944,19.264,488.0,25928.0,3024.5312
438,19.1032,18.3166,2.0941,18.9973,485.0,22148.0,3024.5312
439,18.9943,18.6869,2.2641,20.2695,485.0,22952.0,3024.5312
440,20.2438,20.0878,2.107,19.1406,487.0,30103.0,3024.5312
441,19.1388,18.1924,2.0583,18.9804,495.0,29777.0,3024.5312
442,19.0503,18.6283,2.118,18.6688,483.0,18646.0,3024.5312
443,18.7282,18.6772,2.0259,19.5117,482.0,18510.0,3024.5312
444,19.5291,18.8396,2.3648,19.758,482.0,18668.0,3024.5312
445,19.6868,18.8252,2.1561,20.1766,485.0,19108.0,3024.5312
446,20.1211,18.5917,2.0779,18.7942,484.0,21249.0,3024.5312
447,18.8273,18.9111,2.2833,21.6487,485.0,21707.0,3024.5312
448,21.5974,18.4266,2.0403,16.7959,489.0,22974.0,3024.5312
449,16.8002,18.791,1.9659,19.62,491.0,27948.0,3024.5312
450,19.7122,18.7923,2.1903,19.3946,486.0,24852.0,3024.5312
451,19.4059,18.5097,2.1148,19.067,492.0,30694.0,3024.5312
452,19.0589,20.1613,2.0827,20.3728,483.0,25044.0,3024.5312
453,20.403,18.72,2.0593,19.1748,483.0,19428.0,3024.5312
454,19.0516,18.3058,2.0341,19.0071,486.0,18694.0,3024.5312
455,19.0654,18.6864,1.9298,19.546,483.0,20282.0,3024.5312
456,19.6126,18.9405,2.4072,18.9371,481.0,29930.0,3024.5312
457,18.8428,18.5179,2.144,19.1409,479.0,53574.0,3024.5312
458,19.1034,19.1237,2.0012,20.5177,476.0,62562.0,3024.5312
459,20.6505,18.556,2.2076,18.6866,447.0,16410.0,3024.5312
460,18.6088,18.9631,1.9941,19.7381,447.0,16410.0,3024.5312
461,19.8233,18.5959,2.0271,19.1731,484.0,34267.0,3024.5312
462,19.2461,18.8741,2.3125,19.9935,482.0,24506.0,3024.5312
463,19.8057,18.4254,2.2442,19.0049,481.0,23308.0,3024.5312
464,19.1118,18.9131,2.144,19.8187,474.0,26234.0,3024.5312
465,19.7786,19.8339,2.0468,19.4059,456.0,16558.0,3024.5312
466,19.3851,19.0225,2.0586,19.8539,454.0,16390.0,3024.5312
467,19.8591,18.3715,2.0781,18.665,452.0,16366.0,3024.5312
468,18.7439,18.8425,2.5783,20.0367,450.0,16364.0,3024.5312
469,19.9667,18.6329,2.18,20.0809,452.0,16388.0,3024.5312
470,20.1352,19.3669,2.0222,19.3671,484.0,18800.0,3024.5312
471,19.3446,19.1383,2.1738,19.4393,471.0,18274.0,3024.5312
472,19.3969,18.5345,2.1579,18.8679,449.0,16722.0,3024.5312
473,18.8853,18.746,2.151,19.6018,447.0,16698.0,3024.5312
474,19.6231,18.7333,2.1863,19.6569,481.0,18786.0,3024.5312
475,19.6178,19.0207,2.1465,20.4565,458.0,17406.0,3024.5312
476,20.5094,19.7142,2.1759,18.7501,483.0,18810.0,3024.5312
477,18.6806,18.8999,2.033,19.584,483.0,18810.0,3024.5312
478,19.5576,18.6138,2.1149,18.9827,483.0,18810.0,3024.5312
479,19.0232,18.8716,2.0617,19.8484,483.0,18810.0,3024.5312
480,19.9251,18.7955,2.1894,19.4612,484.0,20510.0,3024.5312
481,19.349,18.8938,2.0626,20.3804,486.0,18802.0,3024.5312
482,20.3837,20.0261,2.0771,19.08,487.0,20502.0,3024.5312
483,19.0748,19.1313,1.9088,19.7892,486.0,22178.0,3024.5312
484,19.8238,18.9243,1.7754,19.5133,483.0,19252.0,3024.5312
485,19.5164,18.8529,2.2842,20.1751,487.0,23162.0,3024.5312
486,20.2079,19.3154,2.6119,19.3523,486.0,24570.0,3024.5312
487,19.2696,19.6133,1.9026,21.0207,489.0,30474.0,3024.5312
488,21.0372,18.3624,2.0227,19.6458,486.0,35160.0,3024.5312
489,19.6661,18.5675,2.0863,18.5316,485.0,29292.0,3024.5312
490,18.5176,18.8473,2.3363,19.6128,486.0,27778.0,3024.5312
491,19.7141,19.1508,2.5114,19.558,483.0,20746.0,3024.5312
492,19.6256,18.8755,2.7915,20.0262,487.0,25111.0,3024.5312
493,19.967,18.751,2.3294,18.8474,489.0,32386.0,3024.5312
494,18.7254,19.1198,2.103,19.6574,489.0,26235.0,3024.5312
495,19.6482,18.4915,2.1109,19.3264,484.0,18946.0,3024.5312
496,19.3552,19.2014,2.1448,20.0306,482.0,18798.0,3024.5312
497,20.1143,18.6789,2.5107,20.3691,485.0,18948.0,3024.5312
498,20.6222,19.0972,2.7341,19.968,488.0,19912.0,3024.5312
499,19.6285,20.6744,2.0073,19.2656,487.0,21125.0,3024.5312
500,19.2733,18.9134,2.0965,19.3382,488.0,22543.0,3024.5312
501,19.3667,19.0252,2.1306,19.6514,490.0,26512.0,3024.5312
502,19.706,18.9824,2.4971,20.0561,487.0,27052.0,3024.5312
503,20.0248,18.9399,2.2694,18.9362,485.0,25460.0,3024.5312
504,18.8866,19.0133,2.0229,21.5717,485.0,29066.0,3024.5312
505,21.6492,19.3324,2.0952,19.0109,482.0,24878.0,3024.5312
506,18.9321,19.053,2.2096,19.324,481.0,18914.0,3024.5312
507,19.3622,19.0937,2.2198,20.4448,481.0,18608.0,3024.5312
508,20.473,19.198,2.3845,19.2007,481.0,23866.0,3024.5312
509,19.2943,19.8853,2.0843,21.2228,483.0,33402.0,3024.5312
510,21.084,18.7069,2.0547,19.0955,472.0,51510.0,3024.5312
511,19.1134,18.8684,1.9481,19.6202,471.0,57126.0,3024.5312
512,19.6709,19.1534,2.116,20.4813,449.0,16386.0,3024.5312
513,20.5069,19.315,2.4809,19.8198,451.0,16366.0,3024.5312
514,19.7904,19.1806,2.3222,20.5613,487.0,34211.0,3024.5312
515,20.5117,20.2277,2.0962,19.3821,487.0,24474.0,3024.5312
516,19.3745,18.8706,1.9888,19.3546,485.0,23610.0,3024.5312
517,19.368,18.8609,2.2092,19.3091,474.0,26224.0,3024.5312
518,19.399,19.3634,2.6895,20.0051,453.0,16556.0,3024.5312
519,19.9337,18.78,2.0663,20.5108,447.0,16362.0,3024.5312
520,20.5306,19.0232,2.0292,19.1822,448.0,16374.0,3024.5312
521,19.1281,19.1579,2.0295,20.7336,446.0,16350.0,3024.5312
522,20.764,19.1276,2.2771,19.9097,449.0,16710.0,3024.5312
523,19.9753,19.241,2.5448,21.2341,482.0,18462.0,3024.5312
524,21.2443,19.9692,2.5368,17.9265,473.0,17962.0,3024.5312
525,17.9215,20.598,2.3854,21.3011,446.0,16350.0,3024.5312
526,21.2879,19.1744,2.3061,20.105,448.0,16374.0,3024.5312
527,20.1965,19.333,2.5926,25.1902,481.0,18450.0,3024.5312
528,25.2425,18.8807,3.0462,14.0656,467.0,17562.0,3024.5312
529,13.8688,19.1928,2.213,20.5706,488.0,18814.0,3024.5312
530,20.5612,20.7056,2.1415,19.4684,487.0,18802.0,3024.5312
531,19.4667,18.9535,2.0008,19.5707,486.0,18466.0,3024.5312
532,19.5555,19.1035,2.0085,19.5359,484.0,18464.0,3024.5312
533,19.5536,18.9477,2.296,20.1769,487.0,20512.0,3024.5312
534,20.1941,19.0941,2.2518,20.3524,486.0,18488.0,3024.5312
535,20.4882,19.1944,2.1141,19.4675,482.0,20150.0,3024.5312
536,19.3162,19.2653,1.9775,19.76,481.0,22290.0,3024.5312
537,19.8043,18.7954,2.0273,19.4915,484.0,21884.0,3024.5312
538,19.4115,19.0785,2.1111,19.9489,482.0,20968.0,3024.5312
539,20.0362,19.1121,2.3071,19.5644,482.0,22998.0,3024.5312
540,19.6561,18.6401,2.0341,20.492,487.0,30114.0,3024.5312
541,20.3482,20.2719,1.9607,18.9408,487.0,37804.0,3024.5312
542,18.9348,18.783,2.0444,19.3007,485.0,29420.0,3024.5312
543,19.3014,18.9628,2.014,19.3609,484.0,25630.0,3024.5312
544,19.3924,19.1321,2.3938,20.3965,484.0,20581.0,3024.5312
545,20.4281,18.6451,2.3078,19.3538,493.0,26955.0,3024.5312
546,19.4194,20.5764,2.0057,20.9344,496.0,33473.0,3024.5312
547,20.8337,18.8667,2.0606,19.2064,488.0,20785.0,3024.5312
548,19.2239,18.8894,2.1461,19.6525,485.0,18600.0,3024.5312
549,19.7358,18.739,2.318,19.3403,483.0,18452.0,3024.5312
550,19.2695,19.0912,2.3416,19.0876,486.0,19434.0,3024.5312
551,19.0325,18.7148,1.9092,20.9706,486.0,21303.0,3024.5312
552,21.0082,18.9057,2.0579,18.806,483.0,19796.0,3024.5312
553,18.8582,18.0606,2.1088,19.5007,486.0,24495.0,3024.5312
554,19.4562,18.7948,2.1266,19.2788,487.0,25890.0,3024.5312
555,19.2247,18.8245,2.1102,19.7095,485.0,24284.0,3024.5312
556,19.754,18.4904,2.2802,19.2855,485.0,25882.0,3024.5312
557,19.263,18.4864,2.0419,20.1814,488.0,30402.0,3024.5312
558,20.1996,20.1645,2.0863,18.7808,483.0,22430.0,3024.5312
559,18.7706,18.6739,2.0722,19.583,482.0,18450.0,3024.5312
560,19.5746,18.3558,2.0507,18.7628,484.0,20692.0,3024.5312
561,18.7616,18.7629,2.1145,20.2076,486.0,25002.0,3024.5312
562,20.2958,19.2223,2.4477,18.8512,490.0,38338.0,3024.5312
563,18.8283,19.2749,2.2818,20.7101,475.0,55126.0,3024.5312
564,20.6343,19.8796,2.0473,18.851,465.0,44576.0,3024.5312
565,18.8709,18.8452,2.0404,19.4523,453.0,16400.0,3024.5312
566,19.5255,18.7415,2.215,19.5089,449.0,16352.0,3024.5312
567,19.441,18.526,2.3617,19.7062,485.0,34219.0,3024.5312
568,19.7205,18.897,2.1491,19.2294,482.0,24446.0,3024.5312
569,19.212,18.2276,2.1227,19.8765,484.0,23620.0,3024.5312
570,19.927,20.07,2.1055,19.1577,473.0,26558.0,3024.5312
571,19.1509,18.3517,2.0223,18.7724,452.0,16554.0,3024.5312
572,18.7499,18.874,2.0915,19.2529,449.0,16374.0,3024.5312
573,19.2285,18.3721,2.0219,19.2047,450.0,16722.0,3024.5312
574,19.3196,18.482,2.2529,19.2253,447.0,16350.0,3024.5312
575,19.1574,18.8769,2.3004,20.7137,447.0,16350.0,3024.5312
576,20.7086,19.6497,2.224,19.0006,484.0,18474.0,3024.5312
577,18.973,18.2921,1.9771,19.0521,477.0,17954.0,3024.5312
578,19.083,18.5909,2.129,19.1578,453.0,16378.0,3024.5312
579,19.2199,18.7869,2.2224,20.3605,453.0,16378.0,3024.5312
580,20.3246,18.7622,2.4839,18.4681,485.0,18464.0,3024.5312
581,18.39,18.6949,1.9664,20.1283,473.0,17792.0,3024.5312
582,20.1446,19.8157,2.0297,19.1359,487.0,18488.0,3024.5312
583,19.1407,18.761,1.9607,20.2208,482.0,18450.0,3024.5312
584,20.306,18.7716,2.217,18.5177,483.0,18462.0,3024.5312
585,18.444,18.6834,2.0132,19.6404,483.0,18462.0,3024.5312
586,19.6867,18.08,2.3702,18.5835,484.0,20162.0,3024.5312
587,18.5451,18.737,1.981,19.4397,487.0,18510.0,3024.5312
588,19.4435,19.6503,2.0542,19.8616,483.0,20150.0,3024.5312
589,19.8654,18.8828,2.0186,19.3992,484.0,22376.0,3024.5312
590,19.4231,18.2007,2.0955,18.4851,484.0,22146.0,3024.5312
591,18.4213,18.7659,1.9337,19.222,483.0,20968.0,3024.5312
592,19.2668,18.8912,2.4351,19.7733,483.0,22998.0,3024.5312
593,19.7302,18.4946,2.1353,19.2469,492.0,30454.0,3024.5312
594,19.2751,19.8935,2.0308,20.3937,494.0,41168.0,3024.5312
595,20.4176,18.4354,1.9844,18.5297,489.0,27826.0,3024.5312
596,18.4937,19.0486,1.8905,19.782,486.0,23546.0,3024.5312
597,19.7824,18.3162,1.9579,18.7671,488.0,21059.0,3024.5312
598,18.7956,18.6895,2.2654,20.0593,490.0,26589.0,3024.5312
599,20.1433,18.4723,2.5633,18.5756,493.0,33345.0,3024.5312
600,18.547,18.8278,2.1706,20.4621,485.0,20457.0,3024.5312
601,20.5367,19.917,2.0832,19.1451,483.0,18586.0,3024.5312
602,19.0307,18.7505,2.0443,19.0444,483.0,18462.0,3024.5312
603,19.0148,18.4049,2.0262,19.0206,484.0,19096.0,3024.5312
604,19.0134,18.9824,2.1929,20.3705,484.0,21477.0,3024.5312
605,20.4055,18.7423,2.4359,19.0634,482.0,21826.0,3024.5312
606,19.0423,18.6214,2.0158,20.1348,486.0,21919.0,3024.5312
607,20.133,19.8158,1.9618,18.6134,486.0,26036.0,3024.5312
608,18.5915,18.6701,1.9316,19.3526,484.0,25042.0,3024.5312
609,19.379,19.0272,2.2871,19.243,492.0,25124.0,3024.5312
610,19.2772,18.3693,2.4373,20.2556,490.0,30716.0,3024.5312
611,20.2318,18.9553,2.2409,18.7118,486.0,22018.0,3024.5312
612,18.6778,18.4384,2.12,20.0359,486.0,18476.0,3024.5312
613,20.0996,20.0995,1.9102,19.2505,484.0,22730.0,3024.5312
614,19.2275,18.3092,1.9971,18.9796,486.0,30128.0,3024.5312
615,18.9509,18.7792,1.9125,18.8417,484.0,37050.0,3024.5312
616,18.9689,18.3901,1.9946,19.2079,470.0,50070.0,3024.5312
617,19.2501,18.764,2.5225,19.4883,463.0,44526.0,3024.5312
618,19.3726,18.7416,2.0383,20.2087,448.0,16362.0,3024.5312
619,20.207,18.9668,2.0661,19.1125,448.0,16362.0,3024.5312
620,19.169,18.6261,1.9217,19.1149,487.0,34243.0,3024.5312
621,18.9759,18.7808,1.9925,19.7818,484.0,24470.0,3024.5312
622,19.8057,18.5778,1.9685,19.0334,485.0,23296.0,3024.5312
623,19.1386,18.6887,2.3018,19.1886,473.0,26222.0,3024.5312
624,19.1125,18.9378,2.0051,19.7785,451.0,16878.0,3024.5312
625,19.8031,19.2988,1.9112,19.7085,452.0,16366.0,3024.5312
626,19.7264,18.8185,1.965,18.8671,452.0,16366.0,3024.5312
627,18.827,18.3749,1.952,19.4632,451.0,16354.0,3024.5312
628,19.4892,18.7602,1.9999,19.2016,452.0,16388.0,3024.5312
629,19.3064,18.6677,2.368,19.3038,485.0,18464.0,3024.5312
630,19.1442,18.7277,2.0177,19.4336,473.0,17928.0,3024.5312
631,19.5516,19.5128,2.0473,19.7709,449.0,16374.0,3024.5312
632,19.7131,18.7855,2.1592,19.471,448.0,16698.0,3024.5312
633,19.3931,18.5459,1.9529,18.7435,484.0,18810.0,3024.5312
634,18.7872,18.616,1.9442,19.3078,475.0,18030.0,3024.5312
635,19.3006,18.1986,2.0613,19.4428,482.0,18450.0,3024.5312
636,19.443,18.9648,2.1149,19.2638,484.0,18474.0,3024.5312
637,19.4459,18.9448,1.9662,20.6745,484.0,18474.0,3024.5312
638,20.5098,20.2953,2.0994,19.2579,482.0,18450.0,3024.5312
639,19.2873,18.1392,1.9629,19.0105,487.0,20198.0,3024.5312
640,18.9997,18.6748,2.0089,18.9792,483.0,18462.0,3024.5312
641,19.2151,18.8545,2.6616,20.2807,488.0,20166.0,3024.5312
642,20.0332,18.3482,2.1392,18.4,488.0,22380.0,3024.5312
643,18.4222,19.0381,2.1873,20.154,488.0,22182.0,3024.5312
644,20.1067,18.7242,1.9515,19.3009,486.0,20614.0,3024.5312
645,19.3104,18.8397,2.0755,19.6919,487.0,23024.0,3024.5312
646,19.7442,18.6712,2.0369,18.8623,493.0,36824.0,3024.5312
647,18.8105,18.853,2.1641,20.3352,490.0,36706.0,3024.5312
648,20.3545,18.5051,2.2633,18.5229,484.0,25642.0,3024.5312
649,18.5184,18.4941,1.9235,20.5702,484.0,23498.0,3024.5312
650,20.655,20.1735,2.0418,18.9944,485.0,21045.0,3024.5312
651,18.9357,18.5744,2.0386,18.2493,491.0,26623.0,3024.5312
652,18.2073,17.8795,2.1418,18.9147,493.0,33681.0,3024.5312
653,18.9111,18.8682,1.9703,18.7915,486.0,20469.0,3024.5312
654,18.835,18.3641,2.1584,19.8474,483.0,18586.0,3024.5312
655,19.8581,18.5185,2.2995,18.8783,483.0,18926.0,3024.5312
656,18.889,18.999,2.135,19.7765,482.0,19478.0,3024.5312
657,19.8592,17.8947,2.0997,18.3338,490.0,23547.0,3024.5312
658,18.231,18.6819,1.8497,19.2915,486.0,19452.0,3024.5312
659,19.3262,17.9594,2.044,18.4484,490.0,21547.0,3024.5312
660,18.3929,18.5328,1.9502,19.5799,490.0,29408.0,3024.5312
661,19.6927,17.8795,1.9876,18.632,486.0,24116.0,3024.5312
662,18.5487,18.2351,2.1336,18.8325,487.0,22510.0,3024.5312
663,18.8241,18.6662,2.0306,19.5801,485.0,30700.0,3024.5312
664,19.5767,18.5315,2.0052,19.2691,482.0,21954.0,3024.5312
665,19.2925,18.0084,2.0424,18.191,483.0,20522.0,3024.5312
666,18.2082,18.4087,2.1331,18.797,482.0,25900.0,3024.5312
667,18.7477,18.089,1.9484,18.657,483.0,31374.0,3024.5312
668,18.6618,18.3101,2.2263,18.9766,485.0,36726.0,3024.5312
669,19.0192,18.3697,2.2761,18.9297,472.0,55038.0,3024.5312
670,18.8948,17.9203,1.9751,19.2796,459.0,32178.0,3024.5312
671,19.3058,18.7028,1.9356,18.612,447.0,16350.0,3024.5312
672,18.5988,18.448,1.9434,19.0924,449.0,16374.0,3024.5312
673,19.0782,18.5009,2.0264,19.0505,489.0,34223.0,3024.5312
674,19.0733,18.0172,2.0134,18.466,486.0,24450.0,3024.5312
675,18.4313,18.2479,1.928,18.7604,486.0,23264.0,3024.5312
676,18.8124,18.5234,2.2705,19.4166,476.0,26236.0,3024.5312
677,19.4077,17.9158,2.0317,18.1805,454.0,16556.0,3024.5312
678,18.1939,19.3848,2.1164,19.7813,451.0,16376.0,3024.5312
679,19.7993,18.0395,2.0701,18.2086,447.0,16350.0,3024.5312
680,18.1906,18.4405,1.8638,19.1419,449.0,16374.0,3024.5312
681,19.0983,18.3825,1.9427,19.5451,448.0,16362.0,3024.5312
682,19.5418,18.3986,2.0483,18.7768,483.0,18462.0,3024.5312
683,18.8863,18.0988,2.2798,18.6583,472.0,17938.0,3024.5312
684,18.6498,18.16,2.0631,18.8299,448.0,16362.0,3024.5312
685,18.7354,18.41,2.2882,20.2177,449.0,16374.0,3024.5312
686,20.2039,19.6576,2.0463,18.3456,484.0,18474.0,3024.5312
687,18.4148,16.9438,1.9823,18.92,482.0,18450.0,3024.5312
688,18.985,18.1355,2.1501,18.5943,482.0,18450.0,3024.5312
689,18.4846,18.2192,2.0302,18.9969,486.0,18454.0,3024.5312
690,18.9863,18.6506,2.3181,19.2442,487.0,18466.0,3024.5312
691,19.2819,18.5031,2.2672,19.8819,487.0,18466.0,3024.5312
692,19.8799,18.0455,2.0892,18.7455,485.0,20152.0,3024.5312
693,18.7104,19.1541,2.0518,18.6416,487.0,18488.0,3024.5312
694,18.6455,18.2727,2.2322,18.648,484.0,20140.0,3024.5312
695,18.7826,18.5379,1.968,18.8238,483.0,22732.0,3024.5312
696,18.6995,17.9166,1.9563,18.5125,486.0,22676.0,3024.5312
697,18.5261,18.0137,2.0377,18.7196,483.0,20126.0,3024.5312
698,18.773,18.6404,2.4201,19.4145,486.0,29674.0,3024.5312
699,19.3424,17.9799,2.2404,18.2789,489.0,33926.0,3024.5312
700,18.326,18.5968,1.9376,19.9777,489.0,33276.0,3024.5312
701,19.9659,19.4485,2.0273,19.3263,485.0,25608.0,3024.5312
702,19.3011,18.3324,2.035,18.6736,486.0,25369.0,3024.5312
703,18.7072,18.5153,2.0995,19.1054,486.0,19334.0,3024.5312
704,19.0732,18.2359,2.035,19.3143,492.0,28358.0,3024.5312
705,19.4325,18.506,2.491,19.8208,496.0,33337.0,3024.5312
706,19.8407,18.497,2.6435,18.6701,487.0,18590.0,3024.5312
707,18.5347,18.8466,2.0695,19.9115,423.0,33488.0,3024.5312
708,19.9631,23.7415,2.1493,22.9366,393.0,31502.0,3024.5312
709,22.8813,20.6075,2.2385,21.5382,413.0,31898.0,3024.5312
710,21.574,20.6448,2.2895,22.4981,417.0,39753.0,3024.5312
711,22.4991,20.4053,2.4215,19.6546,412.0,32836.0,3024.5312
712,19.6542,20.0252,1.9961,20.6904,417.0,35003.0,3024.5312
713,20.6851,20.1449,2.3306,21.726,416.0,44260.0,3024.5312
714,21.7209,21.9162,2.5343,21.6959,416.0,36848.0,3024.5312
715,21.6693,20.075,1.8712,20.6977,416.0,44576.0,3024.5312
716,20.702,20.1115,1.9989,21.5395,411.0,36532.0,3024.5312
717,21.6322,20.6686,2.4465,20.7145,413.0,38748.0,3024.5312
718,20.7193,21.7559,2.0978,22.3638,412.0,52876.0,3024.5312
719,22.301,20.3116,2.2954,20.6552,410.0,77484.0,3024.5312
720,20.6786,20.1998,2.855,20.9094,414.0,60249.0,3024.5312
721,20.9307,19.92,2.3391,21.6435,415.0,38068.0,3024.5312
722,21.6466,21.7069,2.3061,21.5008,398.0,39016.0,3024.5312
723,21.4499,20.3695,2.3,20.3984,416.0,31958.0,3024.5312
724,20.4615,20.157,2.3166,20.7508,394.0,30896.0,3024.5312
725,20.6727,21.6036,2.1425,21.7232,379.0,29810.0,3024.5312
726,21.7292,19.9757,2.1134,20.6059,379.0,29810.0,3024.5312
727,20.5823,20.3077,1.9811,21.0312,404.0,31476.0,3024.5312
728,21.0737,20.2414,2.2773,21.2968,403.0,31416.0,3024.5312
729,21.2488,21.284,1.9737,22.8565,408.0,31668.0,3024.5312
730,22.8717,20.2258,1.963,19.2677,408.0,31908.0,3024.5312
731,19.2823,20.3459,2.0403,20.9548,413.0,31920.0,3024.5312
732,21.0107,20.1947,2.1975,21.5505,412.0,33596.0,3024.5312
733,21.4686,20.5726,2.0424,21.0215,413.0,33608.0,3024.5312
734,21.1068,20.1758,2.2319,20.7923,413.0,36190.0,3024.5312
735,20.7058,20.1819,2.0912,20.9665,412.0,36086.0,3024.5312
736,21.0188,20.2298,2.3672,21.6148,413.0,37752.0,3024.5312
737,21.6004,21.2575,2.1526,21.2672,422.0,49190.0,3024.5312
738,21.2651,20.0738,2.1504,20.1712,420.0,42686.0,3024.5312
739,20.1811,20.4992,2.3905,21.4317,420.0,40498.0,3024.5312
740,21.4655,19.9281,2.4366,21.1731,418.0,40927.0,3024.5312
741,21.1145,20.4289,2.3441,21.9054,415.0,37534.0,3024.5312
742,21.9331,19.9956,2.3467,19.8433,420.0,40171.0,3024.5312
743,19.911,20.2513,2.5693,21.2884,426.0,46998.0,3024.5312
744,21.2247,21.4349,2.5451,21.3503,411.0,32020.0,3024.5312
745,21.35,20.5154,2.2029,21.0605,407.0,32852.0,3024.5312
746,21.0629,20.1046,2.0729,20.2331,398.0,31068.0,3024.5312
747,20.2725,20.4383,2.2592,21.518,373.0,29808.0,3024.5312
748,21.5055,21.0346,2.1495,21.448,393.0,30816.0,3024.5312
749,21.4352,20.1383,2.1184,20.714,378.0,29916.0,3024.5312
750,20.6762,20.2775,2.1433,21.9722,382.0,30108.0,3024.5312
751,22.0052,20.4701,2.1585,21.7115,384.0,31916.0,3024.5312
752,21.6794,20.0759,2.1324,20.0938,412.0,31908.0,3024.5312
753,20.1178,19.9807,2.2222,20.8689,416.0,34488.0,3024.5312
754,20.8952,20.3377,2.2496,20.3967,419.0,37595.0,3024.5312
755,20.405,20.2416,2.3994,21.7364,418.0,32530.0,3024.5312
756,21.7159,21.0156,2.0218,20.6254,417.0,37891.0,3024.5312
757,20.6257,20.0319,1.9879,20.6042,418.0,41222.0,3024.5312
758,20.5685,20.1199,2.0777,21.5471,419.0,42014.0,3024.5312
759,21.6707,20.2119,2.4461,21.5252,416.0,39424.0,3024.5312
760,21.423,20.5459,2.2963,20.1623,407.0,41764.0,3024.5312
761,20.1165,19.7659,2.1405,19.776,413.0,38304.0,3024.5312
762,19.8185,20.0923,2.1574,21.1369,411.0,56500.0,3024.5312
763,21.1974,19.6959,2.3306,20.8015,415.0,74407.0,3024.5312
764,20.7263,21.1244,2.0782,21.0627,411.0,56182.0,3024.5312
765,21.0791,19.8387,2.0645,19.9789,411.0,39952.0,3024.5312
766,19.9708,20.4366,2.0646,21.9779,412.0,36612.0,3024.5312
767,22.0546,20.0372,2.0804,21.0463,406.0,31640.0,3024.5312
768,21.0148,20.9656,2.1855,20.467,382.0,30104.0,3024.5312
769,20.4895,19.9764,2.0203,20.3563,382.0,29824.0,3024.5312
770,20.3041,20.5043,1.9867,21.6554,381.0,29812.0,3024.5312
771,21.6794,21.45,2.2354,21.8275,412.0,31672.0,3024.5312
772,21.8132,20.1525,1.9936,20.3246,407.0,31538.0,3024.5312
773,20.3327,20.2257,2.0029,21.0637,410.0,31718.0,3024.5312
774,21.0813,20.3755,2.383,20.8119,414.0,31910.0,3024.5312
775,20.7534,21.5224,2.2077,21.6972,412.0,31908.0,3024.5312
776,21.756,19.6317,2.0356,20.6077,412.0,33596.0,3024.5312
777,20.5146,19.8562,1.8728,20.0813,412.0,34026.0,3024.5312
778,20.0723,20.2295,2.0785,20.9885,413.0,35760.0,3024.5312
779,21.0447,21.4772,2.1748,21.8289,414.0,39910.0,3024.5312
780,21.8499,19.7553,2.0895,20.2267,413.0,40624.0,3024.5312
781,20.2456,19.9708,1.9946,20.239,416.0,42598.0,3024.5312
782,20.2549,20.4055,2.1713,21.1894,414.0,42550.0,3024.5312
783,21.2686,21.1181,2.0613,21.9164,415.0,40482.0,3024.5312
784,21.7696,19.7126,2.1875,19.7333,417.0,40937.0,3024.5312
785,19.7561,19.9587,1.9373,21.4633,417.0,37536.0,3024.5312
786,21.5356,20.4028,2.1947,21.1731,424.0,42044.0,3024.5312
787,21.1338,21.5566,2.131,21.8235,425.0,45095.0,3024.5312
788,21.8814,20.1232,2.5831,20.4997,414.0,32498.0,3024.5312
789,20.5115,20.2431,2.3844,21.1205,415.0,32414.0,3024.5312
790,21.0665,20.2604,2.2271,20.1657,389.0,30698.0,3024.5312
791,20.1586,21.2417,1.9724,21.528,376.0,29796.0,3024.5312
792,21.4981,19.4308,2.0668,20.0526,396.0,30948.0,3024.5312
793,20.0279,20.2007,1.9186,20.8725,378.0,29820.0,3024.5312
794,20.8164,20.1275,1.7838,20.8246,384.0,30276.0,3024.5312
795,20.9423,21.3342,2.1077,21.6367,388.0,32396.0,3024.5312
796,21.6405,19.4819,2.0558,20.4389,413.0,34496.0,3024.5312
797,20.387,20.0439,2.0232,20.5437,413.0,32384.0,3024.5312
798,20.6153,20.2693,2.2409,21.3171,415.0,37257.0,3024.5312
799,21.2754,21.0557,2.2123,20.5352,411.0,35864.0,3024.5312
800,20.5748,19.664,2.0774,20.5876,410.0,36949.0,3024.5312
801,20.5365,19.8992,2.1997,20.7682,420.0,43930.0,3024.5312
802,20.8837,20.3931,2.1799,21.4604,419.0,36710.0,3024.5312
803,21.355,20.6742,2.1748,20.5203,419.0,46244.0,3024.5312
804,20.6234,19.7244,2.2499,20.5543,413.0,39726.0,3024.5312
805,20.4244,20.3292,1.9396,20.7276,413.0,36686.0,3024.5312
806,20.8441,20.3386,2.0205,21.5225,415.0,66425.0,3024.5312
807,21.4583,21.5018,2.0007,21.4487,411.0,67456.0,3024.5312
808,21.3926,19.577,1.7909,20.0914,412.0,50126.0,3024.5312
809,20.0508,20.2254,1.9271,20.9458,411.0,39832.0,3024.5312
810,21.1189,20.0666,2.0625,21.0088,412.0,36704.0,3024.5312
811,20.9422,21.8466,2.495,21.5351,398.0,31066.0,3024.5312
812,21.4786,19.4257,1.9124,19.7717,379.0,29974.0,3024.5312
813,19.7693,19.992,1.9576,21.2002,373.0,29808.0,3024.5312
814,21.2495,20.3388,2.1409,21.3279,391.0,30600.0,3024.5312
815,21.2917,21.2801,2.1081,21.2479,401.0,31296.0,3024.5312
816,21.2819,19.503,2.1526,19.7286,409.0,31728.0,3024.5312
817,19.6947,20.1889,1.966,21.5963,408.0,31480.0,3024.5312
818,21.6727,20.3006,2.1509,20.1578,412.0,31912.0,3024.5312
819,20.0705,21.7111,2.078,22.4883,416.0,31912.0,3024.5312
820,22.6075,19.8449,1.9566,20.0504,414.0,33966.0,3024.5312
821,20.001,19.8611,2.039,21.0784,414.0,33660.0,3024.5312
822,21.0278,20.2435,2.2322,21.4771,414.0,35750.0,3024.5312
823,21.4396,21.1114,2.1957,20.3239,414.0,40838.0,3024.5312
824,20.3314,19.7197,1.9387,20.4779,414.0,40172.0,3024.5312
825,20.7337,19.7897,2.3527,21.4529,417.0,42146.0,3024.5312
826,21.2791,20.1213,2.1845,19.473,409.0,42538.0,3024.5312
827,19.3976,21.2809,1.9198,21.2604,416.0,40618.0,3024.5312
828,21.2823,19.5285,2.135,20.1091,415.0,40789.0,3024.5312
829,20.1195,20.0918,2.0866,21.1188,414.0,41079.0,3024.5312
830,21.1927,20.1237,2.376,21.012,420.0,38709.0,3024.5312
831,20.933,21.673,2.1496,21.851,421.0,45567.0,3024.5312
832,21.8943,19.9402,2.2177,20.8212,411.0,32032.0,3024.5312
833,20.7611,20.6736,2.0158,21.6658,415.0,32404.0,3024.5312
834,21.7066,20.2083,2.1458,21.4987,390.0,30364.0,3024.5312
835,21.4637,21.7687,2.1642,20.6433,397.0,30784.0,3024.5312
836,20.6459,19.9033,2.1264,20.7131,380.0,29978.0,3024.5312
837,20.776,20.1308,2.1863,20.7673,384.0,30218.0,3024.5312
838,21.017,21.7016,2.6542,22.164,388.0,30362.0,3024.5312
839,21.9505,20.6252,2.0475,21.4736,400.0,35560.0,3024.5312
840,21.377,20.2498,1.985,20.6619,410.0,32360.0,3024.5312
841,20.745,20.1027,2.2824,21.0325,413.0,33909.0,3024.5312
842,20.9655,21.9819,2.1127,22.0095,412.0,38760.0,3024.5312
843,21.9873,20.178,2.057,20.6122,411.0,34948.0,3024.5312
844,20.6305,20.4014,2.0087,21.6462,415.0,38001.0,3024.5312
845,21.6901,20.2271,2.1708,21.3791,416.0,42390.0,3024.5312
846,21.3453,21.5963,2.2321,21.0929,413.0,47646.0,3024.5312
847,21.0806,20.2488,2.0461,21.1239,414.0,38484.0,3024.5312
848,21.1441,19.9822,2.3578,20.4558,410.0,39260.0,3024.5312
849,20.4377,20.3038,2.1994,21.9603,415.0,55216.0,3024.5312
850,21.974,20.8215,2.2517,20.3483,417.0,57747.0,3024.5312
851,20.3222,20.8301,1.9896,21.644,416.0,61682.0,3024.5312
852,21.7375,19.9741,2.3324,21.1642,413.0,45094.0,3024.5312
853,21.0994,21.9573,2.1147,21.7726,414.0,36174.0,3024.5312
854,21.8104,19.8348,1.9672,20.2278,395.0,35714.0,3024.5312
855,20.1812,20.5116,2.1071,20.6153,392.0,30908.0,3024.5312
856,20.7384,20.005,2.0664,20.8345,376.0,29856.0,3024.5312
857,20.7115,21.7186,1.9877,22.5556,376.0,29856.0,3024.5312
858,22.5836,19.8925,2.1741,19.9291,400.0,31248.0,3024.5312
859,19.888,20.16,1.8514,22.0735,393.0,30876.0,3024.5312
860,22.1199,20.033,2.0981,19.5254,411.0,31908.0,3024.5312
861,19.4848,21.3268,2.2237,21.9439,408.0,31776.0,3024.5312
862,21.9433,20.2335,1.9444,20.5762,410.0,31896.0,3024.5312
863,20.5799,20.2586,2.096,21.3149,412.0,32288.0,3024.5312
864,21.3408,20.1598,2.6129,21.9918,411.0,33658.0,3024.5312
865,22.0121,21.6874,2.1077,20.5313,414.0,34052.0,3024.5312
866,20.549,20.1865,1.9571,20.8818,416.0,39564.0,3024.5312
867,20.8312,20.6891,2.3882,21.2486,417.0,44082.0,3024.5312
868,21.2457,21.1009,2.2802,21.6122,414.0,36102.0,3024.5312
869,21.6096,20.6041,1.9584,21.1679,415.0,39408.0,3024.5312
870,21.1657,19.8009,2.0364,20.2252,416.0,45160.0,3024.5312
871,20.3015,20.6093,2.4022,21.239,414.0,37270.0,3024.5312
872,21.1721,21.0646,2.1662,22.2503,416.0,44348.0,3024.5312
873,22.2338,20.5888,1.9134,20.45,413.0,39391.0,3024.5312
874,20.4561,20.087,2.0544,20.8332,415.0,37074.0,3024.5312
875,20.8658,20.3817,2.0018,22.2101,420.0,45091.0,3024.5312
876,22.2446,20.8541,1.8961,20.0507,410.0,32020.0,3024.5312
877,19.9859,20.3047,1.9303,20.5495,409.0,32232.0,3024.5312
878,20.6499,20.075,2.0661,20.9652,398.0,31176.0,3024.5312
879,20.8407,20.3266,2.115,21.7081,377.0,30048.0,3024.5312
880,21.8207,21.2386,2.097,20.9442,389.0,30588.0,3024.5312
881,20.8915,20.4321,1.9388,21.0518,399.0,35264.0,3024.5312
882,21.1269,20.1902,2.2698,20.737,402.0,31824.0,3024.5312
883,20.6291,21.5499,2.0678,22.023,419.0,33937.0,3024.5312
884,22.0594,20.2862,2.0768,21.5246,414.0,35654.0,3024.5312
885,21.515,20.4797,2.0839,20.3032,414.0,37882.0,3024.5312
886,20.4697,20.3546,2.2015,21.1203,413.0,35978.0,3024.5312
887,20.9517,21.5858,1.9798,22.6265,417.0,36607.0,3024.5312
888,22.6171,20.2445,2.1613,21.9157,414.0,47008.0,3024.5312
889,21.9841,20.8855,2.7143,21.8957,410.0,46070.0,3024.5312
890,22.003,20.5829,2.6639,21.647,411.0,38020.0,3024.5312
891,21.516,21.3268,2.3851,20.2279,410.0,52544.0,3024.5312
892,20.1847,20.5582,2.063,21.0059,408.0,54630.0,3024.5312
893,21.0528,20.8189,2.1569,22.6429,414.0,50719.0,3024.5312
894,22.7959,22.0407,2.3731,21.2635,407.0,52524.0,3024.5312
895,21.0772,20.4569,1.9437,21.0367,411.0,43908.0,3024.5312
896,21.0376,20.9178,2.2192,22.1569,410.0,40296.0,3024.5312
897,22.2018,22.1755,2.2722,22.1144,400.0,31568.0,3024.5312
898,22.1263,20.033,1.956,20.5911,380.0,29812.0,3024.5312
899,20.5699,20.6271,2.1634,22.1657,379.0,29800.0,3024.5312
900,22.2223,20.9708,2.372,22.464,416.0,32138.0,3024.5312
901,22.5013,22.3891,2.0833,21.2393,400.0,31034.0,3024.5312
902,21.096,20.5898,2.0104,21.3787,413.0,31910.0,3024.5312
903,21.5104,20.546,2.1453,22.2665,410.0,31896.0,3024.5312
904,22.2604,22.6279,2.1533,22.0733,411.0,32276.0,3024.5312
905,21.9295,20.8304,2.1623,21.2133,411.0,31970.0,3024.5312
906,21.2499,20.7564,2.3193,21.9191,412.0,34072.0,3024.5312
907,21.9446,20.7477,2.294,21.8306,414.0,39632.0,3024.5312
908,21.8031,20.7487,2.1681,21.4711,412.0,41112.0,3024.5312
909,21.4974,20.8194,2.0588,21.4208,411.0,36596.0,3024.5312
910,21.4124,20.7477,2.076,22.1031,412.0,36794.0,3024.5312
911,22.103,21.8626,2.0324,21.6773,415.0,42026.0,3024.5312
912,21.6924,20.7848,2.1248,21.4401,412.0,42332.0,3024.5312
913,21.4221,21.025,2.3451,22.6407,421.0,42158.0,3024.5312
914,22.6373,21.7428,2.1098,20.8981,419.0,40805.0,3024.5312
915,20.9054,20.9354,2.0009,21.7467,418.0,39995.0,3024.5312
916,21.8039,20.7434,2.4612,21.3216,418.0,36500.0,3024.5312
917,21.3992,22.2364,2.2437,22.5213,420.0,43222.0,3024.5312
918,22.3364,20.1311,1.937,20.3254,412.0,32342.0,3024.5312
919,20.3764,20.7801,1.9334,22.5811,411.0,32032.0,3024.5312
920,22.6655,20.6894,2.1723,21.4849,398.0,31080.0,3024.5312
921,21.4093,21.9424,2.0053,21.1923,391.0,33236.0,3024.5312
922,21.204,20.4864,2.0524,21.0367,403.0,33628.0,3024.5312
923,21.1028,20.9232,2.309,22.2291,411.0,33789.0,3024.5312
924,22.1247,21.4399,2.2224,22.5814,410.0,35400.0,3024.5312
925,22.6405,20.631,2.1144,21.2643,411.0,34484.0,3024.5312
926,21.2075,20.6357,2.3385,21.2748,413.0,38872.0,3024.5312
927,21.3071,22.2881,2.0893,22.7972,416.0,34748.0,3024.5312
928,22.7961,20.9563,1.9774,21.357,416.0,46767.0,3024.5312
929,21.3463,20.3912,1.8994,21.3053,415.0,40850.0,3024.5312
930,21.3109,21.0135,2.2608,23.2487,418.0,44512.0,3024.5312
931,23.2382,20.2684,2.0852,20.8568,417.0,44468.0,3024.5312
932,20.8544,20.9863,1.987,22.4465,409.0,58792.0,3024.5312
933,22.5079,20.7565,2.2944,21.3925,413.0,49126.0,3024.5312
934,21.3612,21.7428,2.1641,21.392,414.0,44267.0,3024.5312
935,21.3504,20.6462,1.9989,22.1583,407.0,46968.0,3024.5312
936,22.2495,21.0114,2.2912,20.8311,412.0,48234.0,3024.5312
937,20.7579,21.9373,2.0194,22.0434,394.0,35392.0,3024.5312
938,22.0623,21.0632,2.0279,21.7329,390.0,30788.0,3024.5312
939,21.8368,21.0928,2.539,21.9577,376.0,29808.0,3024.5312
940,21.8753,21.9346,2.2716,22.295,375.0,29796.0,3024.5312
941,22.2932,20.2603,2.0407,20.3636,411.0,31908.0,3024.5312
942,20.3494,20.2095,2.1389,21.8238,406.0,31836.0,3024.5312
943,22.1077,20.8205,2.3578,22.1335,409.0,31920.0,3024.5312
944,21.94,21.8518,2.0134,20.872,412.0,31920.0,3024.5312
945,20.7526,20.5719,2.093,21.1481,417.0,32304.0,3024.5312
946,21.1421,20.9713,2.5365,22.3296,413.0,32450.0,3024.5312
947,22.3258,21.9562,2.3689,21.3878,414.0,37428.0,3024.5312
948,21.4072,20.379,1.9896,21.0918,414.0,36554.0,3024.5312
949,21.2524,20.3962,1.9269,21.9396,415.0,40294.0,3024.5312
950,21.7737,20.3896,2.0965,20.4914,414.0,39946.0,3024.5312
951,20.5555,21.763,2.0088,22.1391,413.0,36806.0,3024.5312
952,22.0878,20.8,1.9092,21.0647,414.0,38678.0,3024.5312
953,21.086,20.0631,2.2916,20.6214,414.0,45891.0,3024.5312
954,20.5828,21.48,2.1023,22.1112,416.0,40454.0,3024.5312
955,22.0948,20.218,2.0469,20.9921,415.0,41265.0,3024.5312
956,21.0223,20.684,2.0775,21.4879,412.0,37780.0,3024.5312
957,21.5785,20.2281,2.2725,21.6573,415.0,36826.0,3024.5312
958,21.6131,21.9125,2.0558,21.0988,418.0,43248.0,3024.5312
959,21.0428,20.184,1.9602,21.0152,410.0,31896.0,3024.5312
960,21.0239,20.6981,2.227,21.691,411.0,32032.0,3024.5312
961,21.681,20.2287,2.2483,21.3156,402.0,33936.0,3024.5312
962,21.3192,20.5951,2.0018,21.347,406.0,33524.0,3024.5312
963,21.3562,20.3582,2.1984,21.3993,408.0,31574.0,3024.5312
964,21.5461,20.4956,2.2597,21.0869,414.0,37273.0,3024.5312
965,20.9364,21.7115,2.1226,21.8358,412.0,34474.0,3024.5312
966,21.8609,20.4462,2.0669,21.2735,415.0,38874.0,3024.5312
967,21.2677,20.4697,2.1006,21.1715,413.0,34582.0,3024.5312
968,21.2476,20.7029,2.358,22.0317,417.0,46445.0,3024.5312
969,21.9966,21.5071,2.0376,20.6912,411.0,41180.0,3024.5312
970,20.6225,20.6158,2.0601,21.679,412.0,43018.0,3024.5312
971,21.7832,20.6024,2.2979,21.6276,411.0,44748.0,3024.5312
972,21.5797,21.5643,2.0771,21.8161,414.0,55954.0,3024.5312
973,21.8014,20.2683,2.0169,21.062,411.0,53296.0,3024.5312
974,21.0135,20.7809,1.8926,21.5954,411.0,35564.0,3024.5312
975,21.7126,20.5981,2.2951,22.3012,412.0,51119.0,3024.5312
976,22.3039,20.7515,2.0555,20.2969,410.0,49288.0,3024.5312
977,20.2241,20.1093,1.9122,20.423,410.0,39648.0,3024.5312
978,20.4017,20.8777,2.4045,21.4841,393.0,30732.0,3024.5312
979,21.4789,21.8303,2.2367,21.9986,380.0,29860.0,3024.5312
980,22.0477,20.4125,1.9503,21.1169,377.0,29798.0,3024.5312
981,21.0824,20.0336,1.9575,21.1596,412.0,31898.0,3024.5312
982,21.2212,20.5512,2.2697,21.876,412.0,31898.0,3024.5312
983,21.8103,22.0485,2.0219,21.1923,412.0,31920.0,3024.5312
984,21.1642,20.0442,1.992,20.5669,411.0,31908.0,3024.5312
985,20.6288,20.5959,2.0669,21.9366,411.0,32276.0,3024.5312
986,21.9064,22.2057,2.328,22.2507,412.0,32446.0,3024.5312
987,22.2422,20.6501,2.0916,21.4726,411.0,40772.0,3024.5312
988,21.4586,19.8277,1.9645,20.6426,412.0,33216.0,3024.5312
989,20.6953,20.5967,2.2806,22.2706,412.0,40744.0,3024.5312
990,22.2279,21.8888,2.1615,20.9835,415.0,39660.0,3024.5312
991,20.9815,20.5682,1.92,21.1183,413.0,36854.0,3024.5312
992,21.1245,20.3478,2.1626,20.923,416.0,42237.0,3024.5312
993,20.9266,21.3467,2.3081,22.2578,415.0,42360.0,3024.5312
994,22.2937,20.8792,2.0953,20.8488,422.0,42329.0,3024.5312
995,20.8207,20.4138,1.9481,21.2785,417.0,39570.0,3024.5312
996,21.2688,20.0753,2.419,20.6677,415.0,37670.0,3024.5312
997,20.7778,20.8927,1.974,22.2291,417.0,38884.0,3024.5312
998,22.1504,20.3461,1.9502,20.805,421.0,41206.0,3024.5312
999,20.7733,20.3448,1.9752,20.8525,410.0,31896.0,3024.5312
1000,20.8966,20.2552,2.2455,21.9746,412.0,32044.0,3024.5312
1001,21.9962,21.3365,2.0318,20.8352,402.0,34456.0,3024.5312
1002,20.7803,19.9427,1.9754,20.3639,410.0,33584.0,3024.5312
1003,20.3595,20.5156,2.1197,21.5404,414.0,35578.0,3024.5312
1004,21.5432,20.8944,2.1993,21.6934,411.0,36235.0,3024.5312
1005,21.7575,20.6623,2.2065,20.944,410.0,38872.0,3024.5312
1006,20.9199,20.2895,2.0165,20.2756,414.0,34594.0,3024.5312
1007,20.2897,20.3771,2.4199,21.385,414.0,44432.0,3024.5312
1008,21.3419,21.1024,2.1057,21.2813,410.0,42717.0,3024.5312
1009,21.2883,20.3336,2.0267,20.7327,414.0,39728.0,3024.5312
1010,20.731,20.2407,1.9654,21.138,417.0,48046.0,3024.5312
1011,21.2887,20.6571,2.1666,22.3944,413.0,49440.0,3024.5312
1012,22.2477,21.7745,2.3176,20.9769,415.0,52472.0,3024.5312
1013,20.9496,20.3688,2.2714,20.8233,413.0,42958.0,3024.5312
1014,20.8545,19.9128,2.1042,21.0788,412.0,38492.0,3024.5312
1015,21.0631,21.583,2.1429,21.6357,412.0,52347.0,3024.5312
1016,21.6149,20.3181,1.8703,21.2134,411.0,47582.0,3024.5312
1017,21.2318,20.5236,2.0649,20.7202,394.0,35972.0,3024.5312
1018,20.7927,20.0363,2.7441,20.4988,385.0,30440.0,3024.5312
1019,20.4974,21.3412,2.1301,22.101,382.0,33000.0,3024.5312
1020,22.0912,20.3653,2.0621,20.8987,376.0,29808.0,3024.5312
1021,20.8429,20.3646,1.9897,21.3143,412.0,32016.0,3024.5312
1022,21.3717,20.6067,2.1419,22.184,413.0,31980.0,3024.5312
1023,22.1086,21.5611,2.4523,20.712,412.0,32016.0,3024.5312
1024,20.7655,20.5087,1.9726,21.1476,412.0,31920.0,3024.5312
1025,21.2212,20.3525,2.1216,21.0421,413.0,32292.0,3024.5312
1026,20.9593,20.2728,2.25,22.5702,415.0,32438.0,3024.5312
1027,22.5431,21.2153,2.0097,20.2617,416.0,40776.0,3024.5312
1028,20.3236,20.2321,2.0548,20.8344,413.0,33194.0,3024.5312
1029,20.7388,20.3747,2.049,20.9313,416.0,44094.0,3024.5312
1030,20.9707,21.5913,1.9891,21.8207,415.0,36146.0,3024.5312
1031,21.9481,19.7135,2.0424,20.0566,414.0,36806.0,3024.5312
1032,19.9191,19.7154,1.9657,20.9511,414.0,42249.0,3024.5312
1033,21.0404,20.2494,2.1342,20.7026,409.0,42332.0,3024.5312
1034,20.6454,21.3443,2.1306,21.4109,420.0,42337.0,3024.5312
1035,21.4075,19.6406,2.0052,20.2043,415.0,39530.0,3024.5312
1036,20.2504,19.9251,2.4099,24.3202,410.0,37668.0,3024.5312
1037,24.3347,20.1544,2.5076,19.5581,471.0,50493.0,3024.5312
1038,19.5222,14.0423,2.1344,14.5214,303.0,22186.0,3024.5312
1039,14.4912,14.1284,2.0896,12.501,412.0,39704.0,3024.5312
1040,12.5573,13.1715,2.2102,13.0989,207.0,14464.0,3024.5312
1041,13.0468,12.5578,2.2488,13.4001,179.0,3904.0,3024.5312
1042,13.3823,11.2033,2.038,13.1161,214.0,5976.0,3024.5312
1043,13.1435,12.6287,2.158,12.4751,203.0,8356.0,3024.5312
1044,12.43,12.8114,1.7995,12.4243,213.0,9026.0,3024.5312
1045,12.4472,12.622,1.8111,13.315,212.0,9096.0,3024.5312
1046,13.3122,11.199,1.7402,13.0347,211.0,11778.0,3045.2188
1047,13.0584,11.2682,2.0866,12.0247,211.0,6448.0,3059.9062
1048,12.0277,12.585,2.4821,12.3638,210.0,11588.0,3059.9062
1049,12.3163,12.4955,1.7712,13.1033,211.0,11730.0,3059.9062
1050,13.1564,11.1703,1.8119,13.0747,211.0,12648.0,3030.5312
1051,13.131,11.1299,1.8078,11.6916,210.0,9918.0,2989.1562
1052,11.7012,12.761,1.9345,12.6252,212.0,12237.0,2989.1562
1053,12.5108,12.066,2.0387,12.7176,210.0,5972.0,2989.1562
1054,12.7644,11.9797,2.0478,13.0095,210.0,5972.0,2989.1562
1055,12.9503,11.4272,1.7748,12.7538,210.0,5972.0,2861.1562
1056,12.7536,12.6971,1.7805,11.9825,211.0,5984.0,2861.1562
1057,11.9897,12.5623,1.878,13.3691,214.0,10280.0,2861.1562
1058,13.4241,12.4766,2.0063,13.2237,214.0,8128.0,2861.1562
1059,13.2443,11.1424,1.9076,11.4736,214.0,6904.0,2861.1562
1060,11.4239,12.3291,1.913,12.6934,212.0,7662.0,2861.1562
1061,12.6978,12.4213,1.8403,12.8328,213.0,5986.0,2861.1562
1062,12.86,12.6439,2.0744,13.4777,212.0,9350.0,2861.1562
1063,13.4849,11.0847,1.9385,11.8118,214.0,11866.0,2861.1562
1064,11.8752,12.485,1.8942,12.6594,205.0,6600.0,2861.1562
1065,12.6667,12.4836,2.0926,13.0314,211.0,6356.0,2861.1562
1066,12.923,12.147,1.7926,12.6437,210.0,5972.0,2861.1562
1067,12.6679,11.1636,1.9006,11.8076,212.0,7852.0,2861.1562
1068,11.8059,12.4599,1.9399,12.8626,210.0,28752.0,2861.1562
1069,12.8865,12.7962,1.8402,13.1592,211.0,5984.0,2861.1562
1070,13.164,11.3628,1.9961,13.4636,212.0,8339.0,2861.1562
1071,13.3782,11.1875,1.7379,11.8733,210.0,6220.0,2861.1562
1072,11.915,11.9864,2.2099,12.9373,211.0,9916.0,2861.1562
1073,12.9527,12.1548,1.8734,12.2653,218.0,24102.0,2861.1562
1074,12.219,12.5747,1.877,13.367,214.0,12360.0,2861.1562
1075,13.34,11.1976,1.5154,13.0281,214.0,7572.0,2861.1562
1076,13.133,12.0803,1.9864,11.5512,214.0,13018.0,2861.1562
1077,11.5436,12.3361,1.9529,12.7199,214.0,23205.0,2861.1562
1078,12.6811,12.52,1.6733,12.9685,215.0,38655.0,2861.1562
1079,12.9893,12.1593,1.894,13.5187,215.0,17864.0,2861.1562
1080,13.5808,11.3401,2.0086,11.0769,212.0,30288.0,2861.1562
1081,11.0306,12.555,1.8849,12.7331,191.0,5140.0,2861.1562
1082,12.7082,12.7091,2.1564,13.6791,175.0,3872.0,2861.1562
1083,13.696,12.1024,2.1706,12.7018,214.0,14275.0,2861.1562
1084,12.6847,11.1539,1.9741,11.9931,210.0,9992.0,2861.1562
1085,12.1024,12.946,1.9628,13.1701,210.0,10912.0,2861.1562
1086,13.114,12.3471,2.1211,13.3332,213.0,7855.0,2861.1562
1087,13.3798,12.408,2.1441,13.1954,216.0,27391.0,2861.1562
1088,13.2142,11.5022,2.2134,11.9091,217.0,23243.0,2861.1562
1089,11.8578,12.8852,2.2206,13.4011,214.0,13381.0,2861.1562
1090,13.3917,12.6714,1.9613,12.4046,184.0,5927.0,2861.1562
1091,12.3622,12.2735,1.9267,14.1417,186.0,4248.0,2861.1562
1092,14.1782,12.7259,1.8371,13.3152,213.0,5986.0,2861.1562
1093,13.3241,11.6141,1.9052,11.9586,201.0,8306.0,2861.1562
1094,11.9455,12.6533,2.1363,13.0744,212.0,9014.0,2861.1562
1095,13.0961,12.8143,2.1364,13.4973,211.0,9154.0,2861.1562
1096,13.4559,12.672,1.9648,13.0553,211.0,11896.0,2861.1562
1097,13.0517,11.4018,2.1612,12.7275,211.0,6448.0,2861.1562
1098,12.7558,12.3986,2.0475,13.5051,210.0,14628.0,2861.1562
1099,13.5378,12.2339,2.174,12.2351,211.0,10966.0,2861.1562
1100,12.1816,12.9332,1.8323,13.2537,210.0,10360.0,2861.1562
1101,13.2499,11.3958,2.1279,13.3955,213.0,12729.0,2861.1562
1102,13.4035,12.5212,1.9474,12.013,211.0,9450.0,2861.1562
1103,12.0132,12.7434,1.7365,13.0948,210.0,5972.0,2861.1562
1104,13.1329,13.029,2.0455,13.0928,210.0,5972.0,2861.1562
1105,13.0476,12.7057,2.281,13.7568,214.0,5976.0,2861.1562
1106,13.8498,11.4173,2.0383,12.9348,215.0,8604.0,2861.1562
1107,12.9122,12.9598,2.01,13.8367,214.0,7664.0,2861.1562
1108,13.8454,12.9916,2.0345,12.4114,213.0,8138.0,2861.1562
1109,12.4036,12.1957,2.3398,13.2963,212.0,6902.0,2861.1562
1110,13.3077,13.0634,2.2507,13.609,212.0,7662.0,2861.1562
1111,13.6615,11.432,2.3254,11.9491,211.0,7672.0,2861.1562
1112,11.8241,12.8997,1.99,13.6964,212.0,9995.0,2861.1562
1113,13.772,13.2125,2.0378,13.1661,212.0,9531.0,2861.1562
1114,13.1213,13.0322,1.8791,13.8291,196.0,6060.0,2861.1562
1115,13.801,12.559,1.902,13.3846,210.0,6344.0,2861.1562
1116,13.4016,11.3886,2.2696,12.5938,210.0,5972.0,2861.1562
1117,12.5869,13.0265,2.1276,13.2522,210.0,7828.0,2861.1562
1118,13.3381,13.1871,2.1009,13.2139,210.0,28752.0,2861.1562
1119,13.1143,13.1225,2.0438,13.9375,210.0,5972.0,2861.1562
1120,13.9737,12.3486,2.0327,13.8384,213.0,8351.0,2861.1562
1121,13.8723,11.593,1.9297,13.4994,214.0,6224.0,2861.1562
1122,13.4404,13.1224,2.0029,12.8152,215.0,9920.0,2861.1562
1123,12.8296,13.3171,2.0108,12.8701,217.0,24090.0,2861.1562
1124,12.8524,12.9333,1.9615,14.0793,212.0,12358.0,2861.1562
1125,14.1456,12.8561,2.1021,14.0776,212.0,7570.0,2861.1562
1126,13.9898,11.371,1.502,11.9242,214.0,13018.0,2861.1562
1127,11.9568,13.0477,1.6047,13.0984,212.0,23203.0,2861.1562
1128,13.1399,12.8146,1.7596,14.2431,213.0,38653.0,2861.1562
1129,14.2534,13.017,2.1667,12.7228,215.0,17864.0,2861.1562
1130,12.7015,11.5598,2.2086,13.5492,212.0,30288.0,2861.1562
1131,13.4825,12.2967,1.7411,12.3785,191.0,5140.0,2861.1562
1132,12.4318,13.203,1.7926,13.9413,176.0,3884.0,2861.1562
1133,13.9435,13.1887,1.8477,13.2061,213.0,14263.0,2861.1562
1134,13.1943,13.0666,1.8183,13.9597,210.0,9992.0,2861.1562
1135,13.9447,11.5086,1.8681,13.3522,210.0,10912.0,2861.1562
1136,13.3829,11.8099,1.9665,12.3313,213.0,7855.0,2861.1562
1137,12.3253,12.9486,1.9584,13.445,220.0,27395.0,2861.1562
1138,13.4987,13.3173,2.1796,13.5568,220.0,23235.0,2861.1562
1139,13.4821,13.0843,1.9436,13.037,220.0,15492.0,2861.1562
1140,13.0501,11.8039,1.9605,14.0419,179.0,3994.0,2861.1562
1141,14.0535,11.8917,1.5963,12.8738,188.0,4534.0,2861.1562
1142,12.8996,12.9593,1.7178,12.349,212.0,5974.0,2861.1562
1143,12.3337,13.2818,1.9276,13.8118,194.0,8052.0,2861.1562
1144,13.7783,12.6158,1.9857,13.6828,210.0,9012.0,2861.1562
1145,13.7107,11.7193,1.7705,13.6863,211.0,9154.0,2861.1562
1146,13.6841,12.6483,1.9415,12.264,211.0,11896.0,2861.1562
1147,12.2987,13.0068,1.9849,13.7775,210.0,6436.0,2861.1562
1148,13.8298,13.2995,1.9368,13.3456,210.0,17204.0,2861.1562
1149,13.2319,13.1514,1.9158,13.8477,211.0,8390.0,2861.1562
1150,13.8849,11.4469,1.8519,14.0952,210.0,10824.0,2861.1562
1151,14.0648,13.1274,1.9373,11.8796,212.0,12253.0,2861.1562
1152,11.9201,13.0721,1.9683,13.2851,210.0,9438.0,2861.1562
1153,13.3047,13.107,1.8148,13.8435,214.0,5976.0,2861.1562
1154,13.789,12.8746,2.0849,13.4297,214.0,5976.0,2861.1562
1155,13.4462,11.839,2.5819,13.7108,214.0,5976.0,2861.1562
1156,13.6931,12.5888,1.9054,12.5327,212.0,8590.0,2861.1562
1157,12.578,13.0765,1.9809,13.3375,212.0,7662.0,2861.1562
1158,13.364,13.0949,2.1855,13.344,213.0,8138.0,2861.1562
1159,13.2968,13.0919,1.8417,13.7601,210.0,6900.0,2861.1562
1160,13.7966,11.4013,1.8995,13.6277,210.0,7660.0,2861.1562
1161,13.5818,13.2412,2.1041,12.3052,212.0,9531.0,2861.1562
1162,12.3186,12.8789,1.9085,13.2098,210.0,8124.0,2861.1562
1163,13.2469,13.4756,2.1163,13.7507,212.0,9995.0,2861.1562
1164,13.7309,12.8068,2.0294,13.477,195.0,5536.0,2861.1562
1165,13.4825,11.5058,1.9533,13.326,211.0,6356.0,2861.1562
1166,13.334,12.9924,2.0083,12.7763,210.0,5972.0,2861.1562
1167,12.7529,13.135,2.009,12.9397,210.0,7828.0,2861.1562
1168,12.9263,12.8154,1.9678,13.6756,210.0,28752.0,2861.1562
1169,13.6681,13.0091,1.8636,13.3152,215.0,5988.0,2861.1562
1170,13.3149,11.4029,1.8664,13.0551,216.0,8343.0,2861.1562
1171,13.0818,13.2025,1.9451,13.7586,215.0,6236.0,2861.1562
1172,13.7234,12.8741,1.906,12.7867,213.0,9918.0,2861.1562
1173,12.8829,13.1708,2.1043,13.7126,215.0,24088.0,2861.1562
1174,13.6313,12.6774,1.9428,13.5267,214.0,12382.0,2861.1562
1175,13.5687,11.5101,1.9911,12.0607,210.0,7568.0,2861.1562
1176,12.0312,12.5851,1.7485,14.1938,213.0,18628.0,2861.1562
1177,14.2111,13.4351,2.026,12.4456,213.0,17615.0,2861.1562
1178,12.4365,12.7625,1.7386,13.4999,213.0,40249.0,2861.1562
1179,13.5031,12.9803,1.7433,14.0991,216.0,21512.0,2861.1562
1180,14.0826,11.4686,1.9846,11.422,213.0,25068.0,2861.1562
1181,11.4213,13.2158,2.2224,13.6525,188.0,4960.0,2861.1562
1182,13.6698,12.6513,2.0865,13.2441,176.0,3884.0,2861.1562
1183,13.2274,13.2281,1.7901,13.4898,213.0,14263.0,2861.1562
1184,13.4991,11.5666,2.0197,13.5062,210.0,9992.0,2861.1562
1185,13.5096,11.8565,1.9271,12.6604,214.0,10916.0,2861.1562
1186,12.693,12.7462,1.9389,13.1591,216.0,7847.0,2861.1562
1187,13.1853,12.8818,1.9172,12.7611,220.0,27395.0,2861.1562
1188,12.6925,12.9973,2.0079,14.0079,218.0,23233.0,2861.1562
1189,14.0414,11.5943,1.7107,12.7319,220.0,15562.0,2861.1562
1190,12.6859,12.632,1.5693,12.8265,189.0,4594.0,2861.1562
1191,12.8363,12.6445,1.5921,12.3158,190.0,4772.0,2861.1562
1192,12.3077,12.9487,2.2207,14.5662,211.0,8560.0,2861.1562
1193,14.6348,12.577,2.128,12.6889,191.0,5248.0,2861.1562
1194,12.7515,11.3657,2.3261,12.8872,211.0,9024.0,2861.1562
1195,12.836,13.4061,2.4777,14.3278,211.0,9154.0,2861.1562
1196,14.3078,12.509,2.3524,11.7542,211.0,11896.0,2861.1562
1197,11.8771,12.9649,2.3889,12.8993,210.0,11588.0,2861.1562
1198,12.7691,11.6121,2.4151,13.7771,210.0,13864.0,2861.1562
1199,13.7407,12.8989,2.0259,12.032,211.0,7042.0,2861.1562
1200,12.051,12.5248,1.9312,12.8929,210.0,11730.0,2861.1562
1201,13.0173,12.9006,2.0202,13.3754,216.0,11351.0,2861.1562
1202,13.2457,12.5998,1.9707,13.6519,214.0,8978.0,2861.1562
1203,13.6692,11.6328,1.8848,13.0443,214.0,5976.0,2861.1562
1204,13.0449,12.6849,2.1795,12.9236,212.0,5974.0,2861.1562
1205,12.9411,12.8978,1.8657,12.5072,212.0,8126.0,2861.1562
1206,12.5212,12.5889,1.8639,13.4981,212.0,6438.0,2861.1562
1207,13.4791,12.035,2.1153,13.2954,210.0,7660.0,2861.1562
1208,13.3151,11.8092,1.9323,12.7177,210.0,8124.0,2861.1562
1209,12.7087,12.533,1.9737,11.9221,210.0,6900.0,2861.1562
1210,11.9454,13.071,2.177,13.7588,213.0,9543.0,2861.1562
1211,13.6951,12.8434,1.8205,13.1428,211.0,8136.0,2861.1562
1212,13.1332,11.3593,1.9298,13.3333,211.0,8136.0,2861.1562
1213,13.3527,12.7923,2.0584,12.3124,213.0,10007.0,2861.1562
1214,12.3364,13.0537,1.9614,13.6268,210.0,6344.0,2861.1562
1215,13.6311,12.3889,2.0522,12.5346,210.0,5972.0,2861.1562
1216,12.4966,12.8952,1.9771,13.6892,210.0,7364.0,2861.1562
1217,13.7026,11.4538,1.8573,11.9563,214.0,23978.0,2861.1562
1218,11.944,12.8285,1.8741,14.2372,214.0,11218.0,2861.1562
1219,14.2448,12.6181,1.7157,12.153,217.0,8231.0,2861.1562
1220,12.1338,12.8751,1.7625,13.5798,213.0,6358.0,2861.1562
1221,13.5938,11.5079,1.7605,12.6374,212.0,9658.0,2861.1562
1222,12.676,12.1572,1.694,12.3762,213.0,17654.0,2861.1562
1223,12.32,12.647,1.805,12.5751,212.0,15846.0,2861.1562
1224,12.5623,12.941,1.6206,13.9304,210.0,9164.0,2861.1562
1225,14.0167,12.6799,1.8333,12.9699,211.0,7642.0,2861.1562
1226,12.927,11.4175,1.6139,12.1905,212.0,25030.0,2861.1562
1227,12.2187,12.9504,1.7148,13.4787,215.0,29692.0,2861.1562
1228,13.4139,12.649,1.5185,12.9421,215.0,35942.0,2861.1562
1229,12.9933,12.9351,1.7421,13.475,213.0,25482.0,2861.1562
1230,13.4956,11.469,1.9141,12.8616,199.0,6476.0,2861.1562
1231,12.8522,12.4253,1.8368,12.8293,175.0,3872.0,2861.1562
1232,12.8328,12.9502,1.9094,13.5617,214.0,14275.0,2861.1562
1233,13.6051,12.8385,2.0801,13.0641,214.0,9996.0,2861.1562
1234,12.974,12.6373,1.8287,13.1108,214.0,10916.0,2861.1562
1235,13.1455,11.3944,2.1575,12.6066,216.0,7847.0,2861.1562
1236,12.6076,13.0226,2.0361,13.4427,218.0,27393.0,2861.1562
1237,13.6405,12.7675,1.7855,12.5705,218.0,23233.0,2861.1562
1238,12.3855,12.7799,1.789,13.8961,221.0,15622.0,2861.1562
1239,13.8964,11.3857,1.7862,12.8395,196.0,5084.0,2861.1562
1240,12.8634,12.473,1.9406,12.0819,200.0,7948.0,2861.1562
1241,12.0506,12.3767,1.9784,12.5355,208.0,6268.0,2861.1562
1242,12.4861,12.8543,1.9899,13.4672,177.0,3992.0,2861.1562
1243,13.4981,12.6085,1.9521,13.5818,210.0,9012.0,2861.1562
1244,13.6255,11.5862,1.957,11.808,211.0,9154.0,2861.1562
1245,11.7777,12.7824,1.8205,14.4144,211.0,12360.0,2861.1562
1246,14.3814,13.3516,1.8825,12.492,210.0,11124.0,2861.1562
1247,12.471,12.279,1.6301,13.1572,210.0,13864.0,2861.1562
1248,13.1979,12.6741,2.1133,13.4409,212.0,7054.0,2861.1562
1249,13.4712,11.369,1.9712,12.4619,214.0,11734.0,2861.1562
1250,12.4942,13.1367,1.9357,13.3179,216.0,11351.0,2861.1562
1251,13.2366,12.8987,2.1028,13.0666,214.0,8978.0,2861.1562
1252,13.1009,12.9317,1.8509,13.8229,214.0,5998.0,2861.1562
1253,13.8984,11.3844,1.791,13.0559,213.0,7674.0,2861.1562
1254,13.5833,12.5436,2.1459,12.9137,212.0,6438.0,2861.1562
1255,12.3292,12.4189,1.9701,12.0428,211.0,6448.0,2861.1562
1256,12.0295,13.0428,2.2156,13.3744,210.0,7660.0,2861.1562
1257,13.358,12.3,1.936,13.5316,210.0,8124.0,2861.1562
1258,13.5603,11.5531,2.0557,12.2483,212.0,8771.0,2861.1562
1259,12.2458,12.4032,1.9194,13.3966,210.0,7660.0,2861.1562
1260,13.4183,12.9448,2.0549,12.5747,210.0,8124.0,2861.1562
1261,12.5778,12.6789,2.0048,13.5942,210.0,8124.0,2861.1562
1262,13.6223,11.5406,2.2295,13.272,212.0,9995.0,2861.1562
1263,13.2553,12.7722,2.3693,12.1782,210.0,6344.0,2861.1562
1264,12.1355,13.8392,2.0827,14.3035,210.0,5972.0,2861.1562
1265,14.3928,13.2136,2.3057,14.0447,214.0,7368.0,2861.1562
1266,13.9762,13.1895,2.2268,13.0369,214.0,24102.0,2861.1562
1267,13.0839,11.6119,2.0112,13.5171,214.0,11094.0,2861.1562
1268,13.4735,12.9487,2.0069,12.6112,214.0,8217.0,2861.1562
1269,12.6361,13.222,1.8622,13.7735,212.0,7942.0,2861.1562
1270,13.7593,12.8849,1.9635,12.6786,212.0,8430.0,2861.1562
1271,12.6718,13.0055,1.9249,13.725,211.0,17284.0,2861.1562
1272,13.7391,11.6541,1.6787,12.5888,212.0,15846.0,2861.1562
1273,12.5508,12.9483,1.8663,13.8203,210.0,10760.0,2861.1562
1274,13.831,13.1413,1.9956,12.8208,212.0,7784.0,2861.1562
1275,12.8476,13.0454,1.8037,13.5262,211.0,23292.0,2861.1562
1276,13.5119,12.9362,1.9527,13.7222,215.0,29692.0,2861.1562
1277,13.7246,11.3723,1.9251,13.5793,216.0,39658.0,2861.1562
1278,13.6015,12.9422,2.3557,12.1927,212.0,21766.0,2861.1562
1279,12.1986,13.1576,2.0263,13.0621,196.0,6296.0,2861.1562
1280,13.0408,12.8244,2.0096,13.9789,175.0,3872.0,2861.1562
1281,13.9689,13.2696,2.0722,14.218,217.0,14267.0,2861.1562
1282,14.2322,11.5818,1.7384,12.5067,214.0,9996.0,2861.1562
1283,12.5069,13.2734,2.2863,13.048,214.0,10916.0,2861.1562
1284,13.0348,13.204,2.1722,13.077,214.0,7845.0,2861.1562
1285,13.0626,13.1295,1.9393,13.8183,219.0,27405.0,2861.1562
1286,13.8603,13.266,1.9638,13.707,219.0,23245.0,2861.1562
1287,13.6748,11.4701,1.9615,12.7044,218.0,15608.0,2861.1562
1288,12.7039,11.9867,1.8876,13.2661,210.0,5972.0,2861.1562
1289,13.3887,13.0971,2.1443,13.1031,208.0,8796.0,2861.1562
1290,12.9985,13.0006,1.9201,13.6974,186.0,4532.0,2861.1562
1291,13.6407,13.1893,1.6017,13.6576,183.0,4352.0,2861.1562
1292,13.7012,11.4926,1.9307,12.3196,210.0,9012.0,2861.1562
1293,12.325,13.0653,2.048,13.806,212.0,12502.0,2861.1562
1294,13.8487,13.144,2.1146,13.2379,210.0,11588.0,2861.1562
1295,13.3352,13.1189,2.3319,13.5524,210.0,9454.0,2861.1562
1296,13.453,13.2272,2.2521,14.2793,210.0,12958.0,2861.1562
1297,14.2149,11.5095,1.8512,13.1183,215.0,7046.0,2861.1562
1298,13.1662,13.4587,1.7628,13.1961,214.0,11734.0,2861.1562
1299,13.1879,13.3226,1.7992,13.7577,216.0,11351.0,2861.1562
1300,13.8697,13.393,2.0385,14.7317,212.0,8976.0,2861.1562
1301,14.6309,13.329,3.0636,13.8478,213.0,5986.0,2861.1562
1302,13.8122,12.0639,2.1981,14.3589,212.0,7662.0,2861.1562
1303,14.4194,13.3437,2.152,12.4354,211.0,6448.0,2861.1562
1304,12.4263,13.9129,2.1637,14.24,211.0,6448.0,2861.1562
1305,14.2582,13.6689,2.2691,14.5856,210.0,7660.0,2861.1562
1306,14.6217,13.9927,2.3172,13.5331,212.0,9995.0,2861.1562
1307,13.4672,13.5223,2.1376,14.3753,211.0,6912.0,2861.1562
1308,14.3598,12.6951,1.8608,15.0742,210.0,9348.0,2861.1562
1309,15.134,13.4232,1.9107,12.6988,211.0,6912.0,2861.1562
1310,12.6982,13.5514,2.5344,13.6874,210.0,7660.0,2861.1562
1311,13.6848,13.7528,2.4376,13.9835,212.0,10119.0,2861.1562
1312,13.9439,13.9894,2.0061,14.7431,211.0,6232.0,2861.1562
1313,14.7378,13.8176,2.2355,14.6126,214.0,5976.0,2861.1562
1314,14.6797,13.1135,2.2191,14.2313,215.0,9316.0,2861.1562
1315,14.2125,11.6358,1.8947,13.6636,215.0,22178.0,2861.1562
1316,13.6631,13.9493,2.0646,13.737,212.0,11092.0,2861.1562
1317,13.7213,13.9185,2.0692,14.236,214.0,9813.0,2861.1562
1318,14.2945,13.9991,2.1736,13.9362,212.0,6346.0,2861.1562
1319,13.9421,13.7797,2.3749,14.0855,210.0,8428.0,2861.1562
1320,13.9506,13.1479,2.1569,14.0072,212.0,18892.0,2861.1562
1321,14.1216,11.8117,2.063,13.6594,213.0,17454.0,2861.1562
1322,13.5833,13.144,2.4828,12.4321,211.0,7580.0,2861.1562
1323,12.4548,13.2754,2.1997,14.1797,213.0,9392.0,2861.1562
1324,14.5717,13.0661,2.509,12.7969,210.0,22052.0,2861.1562
1325,12.3929,12.9553,1.9896,13.9179,216.0,38272.0,2861.1562
1326,13.9215,11.7802,2.1071,13.6705,215.0,30710.0,2861.1562
1327,13.6437,11.8288,1.9753,12.3469,211.0,22062.0,2861.1562
1328,12.4262,13.2666,2.0609,13.8973,190.0,5628.0,2861.1562
1329,14.2496,13.2799,2.5412,13.5648,179.0,3876.0,2861.1562
1330,13.1366,12.9934,1.9609,13.5817,218.0,14279.0,2861.1562
1331,13.6036,12.8487,2.2465,13.9498,214.0,9996.0,2861.1562
1332,13.9747,11.6945,1.9364,12.3225,212.0,10914.0,2861.1562
1333,12.2797,13.3485,1.9185,14.3956,215.0,7857.0,2861.1562
1334,14.4522,13.3184,2.0337,12.6487,218.0,27393.0,2861.1562
1335,12.7056,13.0356,2.147,13.6385,217.0,23243.0,2861.1562
1336,13.5143,13.198,2.2073,13.5181,220.0,15632.0,2861.1562
1337,13.5483,11.5612,1.9703,12.6503,210.0,5972.0,2861.1562
1338,12.6775,13.1724,1.9088,13.6355,211.0,9024.0,2861.1562
1339,13.6656,13.19,2.053,13.4545,185.0,4424.0,2861.1562
1340,13.4199,13.2532,2.2224,13.755,188.0,4652.0,2861.1562
1341,13.6824,12.7102,2.0049,13.0903,210.0,9012.0,2861.1562
1342,13.127,11.5003,2.1027,12.2621,203.0,8674.0,2861.1562
1343,12.3204,13.4587,1.8462,14.6574,210.0,11588.0,2861.1562
1344,14.6095,13.1953,1.7917,12.3958,210.0,9454.0,2861.1562
1345,12.3439,13.0625,1.7006,13.8608,214.0,12962.0,2861.1562
1346,13.9455,13.1135,1.9979,14.0237,215.0,7046.0,2861.1562
1347,13.9723,11.567,2.0806,13.3271,214.0,11734.0,2861.1562
1348,13.3684,13.4879,2.0916,12.9309,214.0,11349.0,2861.1562
1349,12.9357,12.8941,1.8977,13.0231,213.0,8988.0,2861.1562
1350,13.0195,12.347,1.9077,13.721,212.0,5974.0,2861.1562
1351,13.7376,12.9582,1.8825,13.5148,210.0,7660.0,2861.1562
1352,13.4692,11.5638,1.7165,13.283,210.0,6436.0,2861.1562
1353,13.3406,13.0086,2.0162,12.6628,210.0,6436.0,2861.1562
1354,12.65,13.2028,1.9638,12.7241,210.0,7660.0,2861.1562
1355,12.6476,13.1899,1.6402,14.419,212.0,9995.0,2861.1562
1356,14.4399,13.0938,1.9298,13.4735,210.0,6900.0,2861.1562
1357,13.5307,11.5017,1.812,13.1126,210.0,9348.0,2861.1562
1358,13.0878,13.2061,1.8741,12.6266,210.0,6900.0,2861.1562
1359,12.6728,12.8701,2.2817,13.6486,210.0,7660.0,2861.1562
1360,13.5572,13.1693,2.0416,13.9124,212.0,10119.0,2861.1562
1361,13.9829,13.0753,2.2165,13.806,215.0,6236.0,2861.1562
1362,13.8252,11.9136,2.0204,12.5887,216.0,6000.0,2861.1562
1363,12.6062,13.6074,2.019,14.3689,214.0,9304.0,2861.1562
1364,14.3553,13.3355,2.0,13.0534,212.0,22164.0,2861.1562
1365,13.0457,13.3379,2.4157,13.541,212.0,11092.0,2861.1562
1366,13.4882,12.9533,2.1206,14.3388,214.0,9813.0,2861.1562
1367,14.4019,11.4675,2.0424,11.9129,211.0,6356.0,2861.1562
1368,11.8888,13.3062,1.9963,13.9095,210.0,8428.0,2861.1562
1369,13.9288,13.243,1.9295,12.9536,212.0,18892.0,2861.1562
1370,13.0401,13.1183,2.7134,13.6544,213.0,17454.0,2861.1562
1371,13.5184,12.876,1.9722,13.357,210.0,7568.0,2861.1562
1372,13.3952,11.4875,1.8856,12.9988,212.0,9380.0,2861.1562
1373,12.9644,13.3773,1.9232,13.4083,210.0,22052.0,2861.1562
1374,13.4244,12.9628,2.0014,12.9024,216.0,38272.0,2861.1562
1375,12.8583,13.4136,1.9001,14.119,215.0,30710.0,2861.1562
1376,14.1323,13.058,2.1251,14.1802,213.0,22086.0,2861.1562
1377,14.5554,11.5932,2.3862,12.4167,194.0,5632.0,2861.1562
1378,12.0847,13.2196,1.9554,13.9317,179.0,3876.0,2861.1562
1379,13.9309,13.2526,1.9382,12.6523,217.0,14267.0,2861.1562
1380,12.6057,13.1192,2.2785,14.3354,214.0,10018.0,2861.1562
1381,14.367,13.186,2.1709,13.4501,213.0,10926.0,2861.1562
1382,13.8547,11.4568,2.2244,13.1117,215.0,7857.0,2861.1562
1383,12.7416,13.2765,1.9755,13.1026,217.0,27403.0,2861.1562
1384,13.0812,12.8217,1.8532,12.7595,216.0,23231.0,2861.1562
1385,12.8226,13.4032,2.2971,13.7771,218.0,15608.0,2861.1562
1386,13.7183,13.1806,1.893,13.7954,211.0,5984.0,2861.1562
1387,13.8071,11.5026,1.659,12.8165,210.0,9012.0,2861.1562
1388,12.8152,12.9739,1.7887,12.4884,195.0,5072.0,2861.1562
1389,12.5324,13.133,1.8114,13.4985,182.0,4292.0,2861.1562
1390,13.3986,13.095,2.0609,13.6061,211.0,9618.0,2861.1562
1391,13.7253,12.9494,2.0188,13.8298,205.0,8248.0,2861.1562
1392,13.7356,11.3786,1.9559,12.6487,203.0,11168.0,2861.1562
1393,12.6658,12.4836,1.8157,13.8353,215.0,9470.0,2861.1562
1394,13.8574,13.101,1.8707,12.9269,214.0,12962.0,2861.1562
1395,12.9536,13.1619,2.1707,13.3937,215.0,7952.0,2861.1562
1396,13.3665,13.2402,2.2313,13.6855,213.0,10838.0,2861.1562
1397,13.7184,11.4032,2.1858,13.1356,214.0,11349.0,2861.1562
1398,13.0805,13.1584,2.3677,13.4091,212.0,8976.0,2861.1562
1399,13.4125,13.2495,2.0637,12.7257,210.0,5972.0,2861.1562
1400,12.7294,13.1776,2.4113,13.4796,210.0,7660.0,2861.1562
1401,13.4817,12.6733,1.8384,13.3675,211.0,6448.0,2861.1562
1402,13.3846,11.1312,1.844,12.2187,210.0,6436.0,2861.1562
1403,12.2312,13.734,1.9506,13.8547,210.0,7660.0,2861.1562
1404,13.8298,13.2158,1.8844,13.4338,212.0,9995.0,2861.1562
1405,13.4112,12.425,1.8527,13.365,210.0,6900.0,2861.1562
1406,13.3946,12.8104,1.9396,13.2775,210.0,9348.0,2861.1562
1407,13.3083,11.0407,2.1461,11.8694,210.0,6900.0,2861.1562
1408,11.8579,12.7956,2.1648,13.294,209.0,7600.0,2861.1562
1409,13.3851,12.5354,2.3534,12.7601,217.0,10135.0,2861.1562
1410,12.7122,12.788,2.0478,14.1166,214.0,6224.0,2861.1562
1411,14.0367,11.2239,1.7661,11.2281,215.0,5988.0,2861.1562
1412,11.2336,12.6702,1.7684,13.0458,213.0,9314.0,2861.1562
1413,13.0696,12.5537,1.958,13.9663,213.0,22176.0,2861.1562
1414,13.952,12.8066,2.3747,12.756,212.0,11092.0,2861.1562
1415,12.8117,11.3818,2.4854,12.9451,212.0,9811.0,2861.1562
1416,12.9224,13.1674,2.0291,12.1388,210.0,6344.0,2861.1562
1417,12.1129,12.7258,1.8538,13.28,211.0,8440.0,2861.1562
1418,13.3385,13.1809,2.2154,13.3597,212.0,18892.0,2861.1562
1419,13.5107,12.5722,1.9591,12.9887,212.0,17442.0,2861.1562
1420,12.7918,11.1063,1.8714,12.576,211.0,7580.0,2861.1562
1421,12.5651,12.9891,1.7847,13.0384,212.0,9380.0,2861.1562
1422,13.0523,12.7789,1.8228,13.0205,211.0,22064.0,2861.1562
1423,12.9833,12.7401,1.831,13.4287,216.0,38272.0,2861.1562
1424,13.4362,11.6957,1.9087,13.0253,215.0,30710.0,2861.1562
1425,13.0812,11.5354,2.0261,11.8909,215.0,22066.0,2861.1562
1426,11.8434,12.9395,1.7627,12.5905,195.0,5644.0,2861.1562
1427,12.5772,12.5564,1.6114,13.6247,179.0,3876.0,2861.1562
1428,13.6551,12.1722,1.9622,13.3425,215.0,14265.0,2861.1562
1429,13.3226,11.0621,1.885,11.6024,212.0,9994.0,2861.1562
1430,11.5905,12.6006,2.0304,13.1623,213.0,10926.0,2861.1562
1431,13.3046,12.9063,2.0382,13.2906,212.0,7843.0,2861.1562
1432,13.1994,12.7423,1.8536,13.1213,216.0,27391.0,2861.1562
1433,13.0838,11.1352,1.8885,13.3602,218.0,23255.0,2861.1562
1434,13.3821,12.6001,2.086,12.2406,219.0,15620.0,2861.1562
1435,12.2634,12.7753,1.8653,12.9383,210.0,5972.0,2861.1562
1436,12.9448,13.036,2.3951,13.6228,211.0,9024.0,2861.1562
1437,13.6097,12.7397,2.0565,12.8289,200.0,5372.0,2861.1562
1438,12.7936,11.0597,1.9745,12.7962,178.0,4052.0,2861.1562
1439,12.8152,12.7891,1.8455,12.8821,212.0,9630.0,2861.1562
1440,12.9077,12.3574,1.817,12.5793,210.0,8548.0,2861.1562
1441,12.5424,12.523,1.9028,13.0801,205.0,11004.0,2861.1562
1442,13.0934,11.1308,1.7381,11.8224,214.0,9458.0,2861.1562
1443,11.8063,12.7383,1.8272,13.2449,214.0,12962.0,2861.1562
1444,13.3106,12.6866,1.9099,12.6455,214.0,8868.0,2861.1562
1445,12.5298,12.5518,1.6352,13.2786,213.0,9932.0,2861.1562
1446,13.365,11.3199,1.8791,12.756,216.0,11373.0,2861.1562
1447,12.7442,11.5148,1.7752,12.7685,210.0,8974.0,2861.1562
1448,12.7433,12.454,1.834,11.7299,210.0,5972.0,2861.1562
1449,11.7298,12.3813,1.7609,13.1372,210.0,7660.0,2861.1562
1450,13.1656,12.3798,1.9539,12.8428,210.0,6436.0,2861.1562
1451,12.8254,11.12,1.8702,11.823,210.0,6436.0,2861.1562
1452,11.8328,12.7387,1.8016,12.8151,210.0,7660.0,2861.1562
1453,12.7758,12.1127,1.7266,13.044,212.0,9995.0,2861.1562
1454,13.0983,12.7028,2.0132,13.3766,211.0,6912.0,2861.1562
1455,13.3604,11.1411,2.0086,11.7885,210.0,9348.0,2861.1562
1456,11.8025,12.712,1.7526,12.4375,210.0,6900.0,2861.1562
1457,12.4081,12.4208,1.8215,13.4323,215.0,7676.0,2861.1562
1458,13.4437,12.7294,2.1399,12.9441,216.0,10247.0,2861.1562
1459,12.9227,11.2001,1.5447,13.0825,214.0,6100.0,2861.1562
1460,13.0578,12.3571,1.2755,11.7493,212.0,6438.0,2861.1562
1461,11.6967,12.5576,1.1859,12.9417,212.0,8838.0,2861.1562
1462,12.9425,12.6118,1.2324,13.1133,212.0,22164.0,2861.1562
1463,13.1186,11.0741,0.9045,11.9156,212.0,12961.0,2861.1562
1464,11.9965,12.5657,1.5496,14.0367,210.0,7940.0,2861.1562
1465,14.1074,12.7943,1.8294,12.0981,211.0,6356.0,2861.1562
1466,12.0223,12.4644,1.8063,12.8943,211.0,10166.0,2861.1562
1467,12.9722,11.1701,1.8901,12.8537,211.0,17154.0,2861.1562
1468,12.7753,12.283,1.5519,12.384,212.0,17442.0,2861.1562
1469,12.6394,12.6463,2.0099,12.4209,210.0,7568.0,2861.1562
1470,12.1834,12.5034,1.6306,13.0995,213.0,11356.0,2861.1562
1471,13.088,11.114,1.928,13.2223,210.0,20824.0,2861.1562
1472,13.2529,11.607,1.9054,11.5053,217.0,37548.0,2861.1562
1473,11.5255,12.3833,1.8432,12.7908,219.0,30714.0,2861.1562
1474,12.7589,12.7486,1.8108,13.3215,215.0,22186.0,2861.1562
1475,13.3428,12.6804,1.9539,13.4156,191.0,5284.0,2861.1562
1476,13.4889,11.1298,2.0375,12.7637,177.0,3874.0,2861.1562
1477,12.6717,12.3718,1.7746,12.4058,215.0,14265.0,2861.1562
1478,12.3901,12.4054,1.7463,12.4317,212.0,9994.0,2861.1562
1479,12.4137,12.2396,1.8238,12.6836,211.0,10924.0,2861.1562
1480,12.7095,11.1221,1.7038,13.0703,213.0,7855.0,2861.1562
1481,13.076,12.6237,1.8356,12.8865,216.0,27391.0,2861.1562
1482,12.9081,12.559,1.8683,12.0409,216.0,23231.0,2861.1562
1483,12.0513,12.5307,1.9348,12.974,218.0,15608.0,2861.1562
1484,12.9523,11.1105,1.9788,12.3743,212.0,5996.0,2861.1562
1485,12.4038,12.622,1.9467,14.0556,210.0,9012.0,2861.1562
1486,14.463,12.4575,3.1774,12.6447,204.0,5564.0,2861.1562
1487,12.2854,12.7136,2.7049,12.3743,185.0,7130.0,2861.1562
1488,12.3225,11.5844,2.1226,12.5889,210.0,6900.0,2861.1562
1489,12.6076,11.6373,1.7461,12.9588,211.0,8324.0,2861.1562
1490,12.9636,12.771,2.0348,12.7296,209.0,13868.0,2861.1562
1491,12.7267,12.703,2.0184,13.2892,214.0,7346.0,2861.1562
1492,13.3126,12.6353,2.0232,14.0797,213.0,14320.0,2861.1562
1493,14.0937,11.1555,2.1428,10.444,213.0,7044.0,2861.1562
1494,10.4145,12.7392,2.1712,13.5539,212.0,9920.0,2861.1562
1495,13.5759,12.9996,2.0187,12.8432,213.0,12265.0,2861.1562
1496,12.7802,12.545,1.9044,12.9698,210.0,8068.0,2861.1562
1497,13.1975,11.1549,1.8217,12.6732,210.0,7660.0,2861.1562
1498,12.4568,12.212,1.7637,13.643,210.0,6436.0,2861.1562
1499,13.6811,12.3432,2.3311,11.6411,211.0,5984.0,2861.1562
1500,11.5667,12.498,2.0469,12.9275,211.0,6448.0,2861.1562
1501,12.9706,11.3594,2.1051,13.5632,212.0,11219.0,2861.1562
1502,13.5668,12.7089,2.044,12.6441,210.0,6436.0,2861.1562
1503,12.6919,12.7237,2.4958,12.3077,210.0,8588.0,2861.1562
1504,12.3082,12.3808,2.1842,13.2884,210.0,7660.0,2861.1562
1505,13.2694,12.4581,2.1206,13.6716,214.0,6904.0,2861.1562
1506,13.6709,11.2181,2.0831,11.6287,215.0,9551.0,2861.1562
1507,11.5839,12.6161,1.9638,13.2604,214.0,8376.0,2861.1562
1508,13.3132,12.868,2.1497,13.067,212.0,5974.0,2861.1562
1509,13.0737,12.9984,2.1294,14.0852,212.0,7468.0,2861.1562
1510,14.0632,11.1759,2.3245,11.8711,213.0,12032.0,2861.1562
1511,11.8936,12.7259,2.3064,12.778,211.0,20770.0,2861.1562
1512,12.8027,12.9979,1.9404,12.8562,213.0,10165.0,2861.1562
1513,12.7923,13.0695,2.3237,13.6621,210.0,8064.0,2861.1562
1514,13.6436,12.539,1.8505,13.1068,210.0,6588.0,2861.1562
1515,13.0726,11.1428,1.6073,11.8137,212.0,16638.0,2861.1562
1516,11.8412,12.9768,1.8902,14.6555,211.0,11922.0,2861.1562
1517,14.6958,12.8533,1.7135,11.7737,213.0,15858.0,2861.1562
1518,11.7095,12.7251,1.5937,15.0556,210.0,10760.0,2861.1562
1519,15.0676,11.406,1.8509,12.2909,213.0,10496.0,2861.1562
1520,12.3229,12.7177,1.9995,12.6873,210.0,20088.0,2861.1562
1521,12.7281,13.2949,2.2182,12.8715,220.0,37540.0,2861.1562
1522,12.9084,12.6423,2.1419,13.1541,219.0,29546.0,2861.1562
1523,13.173,12.7765,1.9945,13.0796,215.0,22126.0,2861.1562
1524,13.032,11.187,2.0971,12.064,180.0,4422.0,2861.1562
1525,12.0483,12.7542,1.8632,14.859,177.0,3874.0,2861.1562
1526,14.8878,12.8784,2.215,12.2045,215.0,14265.0,2861.1562
1527,12.25,13.0495,2.9348,13.2715,211.0,10004.0,2861.1562
1528,13.1984,11.7618,2.4632,13.8389,210.0,10912.0,2861.1562
1529,13.8371,11.6847,2.3564,13.1013,212.0,7843.0,2861.1562
1530,13.0698,12.9189,2.2748,12.8145,217.0,27403.0,2861.1562
1531,13.2457,13.3554,2.5465,13.6883,216.0,23231.0,2861.1562
1532,13.2894,13.2769,2.2113,13.7176,218.0,15608.0,2861.1562
1533,13.6859,12.4501,1.9722,13.0535,211.0,5984.0,2861.1562
1534,13.1432,12.3357,2.3809,12.4889,210.0,9012.0,2861.1562
1535,12.451,13.0845,2.1119,13.8154,204.0,5612.0,2861.1562
1536,13.8526,12.9804,1.8719,12.6455,192.0,8014.0,2861.1562
1537,12.6255,13.0839,2.3338,14.5471,214.0,6440.0,2861.1562
1538,14.5155,14.2812,2.5804,14.3496,209.0,10732.0,2861.1562
1539,14.3154,11.4135,1.9697,12.0659,214.0,11592.0,2861.1562
1540,12.1203,12.2687,2.394,13.4077,212.0,8714.0,2861.1562
1541,13.3914,12.8173,2.1888,12.9027,213.0,13080.0,2861.1562
1542,12.8763,12.9483,2.2816,13.2727,212.0,6902.0,2861.1562
1543,13.2359,12.7564,2.202,13.9079,211.0,9930.0,2861.1562
1544,13.9452,11.5923,2.0264,13.3203,212.0,12717.0,2861.1562
1545,13.3845,13.2339,2.0323,12.5648,210.0,7604.0,2861.1562
1546,12.5659,13.0479,2.3358,12.9868,210.0,8124.0,2861.1562
1547,12.9012,11.7383,1.8756,13.6983,210.0,5972.0,2861.1562
1548,13.7122,12.8808,2.0204,13.4085,210.0,5972.0,2861.1562
1549,13.441,11.8556,2.0335,12.5146,210.0,6436.0,2861.1562
1550,12.4713,12.8908,1.9576,13.3961,213.0,11231.0,2861.1562
1551,13.4624,12.962,2.0878,13.1849,211.0,8600.0,2861.1562
1552,13.1651,13.0165,1.9637,13.2524,210.0,6436.0,2861.1562
1553,13.2579,11.3324,1.951,14.3662,214.0,7664.0,2861.1562
1554,14.342,12.8117,2.3586,11.4322,218.0,8923.0,2861.1562
1555,11.4842,13.0403,2.043,13.2619,205.0,7124.0,2861.1562
1556,13.2179,12.7677,2.1243,13.2938,213.0,8386.0,2861.1562
1557,13.3064,12.4673,2.0217,14.0102,212.0,6438.0,2861.1562
1558,14.0455,11.5398,2.3695,11.8154,212.0,7004.0,2861.1562
1559,11.8026,13.2619,2.2176,14.6993,210.0,12018.0,2861.1562
1560,14.7364,13.3194,2.2236,13.3575,211.0,20770.0,2861.1562
1561,13.3873,12.9,2.2686,12.762,212.0,10153.0,2861.1562
1562,12.7084,12.6985,2.4195,14.1391,210.0,8064.0,2861.1562
1563,14.1203,11.4107,2.1238,11.8718,211.0,6730.0,2861.1562
1564,11.8909,13.1913,2.0983,13.4068,210.0,16484.0,2861.1562
1565,13.4362,12.7788,2.3593,12.6249,210.0,11910.0,2861.1562
1566,12.5554,13.1074,2.2704,13.6541,212.0,17442.0,2861.1562
